a1,C0,C1,C2,p0,a0
http://dbpedia.org/resource/Upper_Burma,http://dbpedia.org/ontology/Agent,http://dbpedia.org/ontology/PopulatedPlace,http://dbpedia.org/ontology/Place,http://dbpedia.org/ontology/place,http://dbpedia.org/resource/Forty_Years'_War
http://dbpedia.org/resource/Upper_Burma,http://dbpedia.org/ontology/Agent,http://dbpedia.org/ontology/PopulatedPlace,http://dbpedia.org/ontology/Place,http://dbpedia.org/ontology/place,http://dbpedia.org/resource/Burmese–Siamese_War_(1662–64)
http://dbpedia.org/resource/Upper_Burma,http://dbpedia.org/ontology/Agent,http://dbpedia.org/ontology/PopulatedPlace,http://dbpedia.org/ontology/Place,http://dbpedia.org/ontology/place,http://dbpedia.org/resource/Sino-Burmese_War_(1765–69)
http://dbpedia.org/resource/Upper_Burma,http://dbpedia.org/ontology/Agent,http://dbpedia.org/ontology/PopulatedPlace,http://dbpedia.org/ontology/Place,http://dbpedia.org/ontology/place,http://dbpedia.org/resource/Burmese_resistance_movement_1885–95
http://dbpedia.org/resource/Upper_Burma,http://dbpedia.org/ontology/Agent,http://dbpedia.org/ontology/PopulatedPlace,http://dbpedia.org/ontology/Place,http://dbpedia.org/ontology/place,http://dbpedia.org/resource/First_Mongol_invasion_of_Burma
http://dbpedia.org/resource/Upper_Burma,http://dbpedia.org/ontology/Agent,http://dbpedia.org/ontology/PopulatedPlace,http://dbpedia.org/ontology/Place,http://dbpedia.org/ontology/place,http://dbpedia.org/resource/Konbaung–Hanthawaddy_War
http://dbpedia.org/resource/Charles_de_Gaulle_Airport,http://dbpedia.org/ontology/Agent,http://dbpedia.org/ontology/PopulatedPlace,http://dbpedia.org/ontology/Place,http://dbpedia.org/ontology/headquarter,http://dbpedia.org/resource/Air_France
http://dbpedia.org/resource/Double_bass,http://dbpedia.org/ontology/Agent,http://dbpedia.org/ontology/PopulatedPlace,http://dbpedia.org/ontology/Place,http://dbpedia.org/ontology/recordedIn,http://dbpedia.org/resource/Stones_Grow_Her_Name
http://dbpedia.org/resource/Acoustic_music,http://dbpedia.org/ontology/Agent,http://dbpedia.org/ontology/PopulatedPlace,http://dbpedia.org/ontology/Place,http://dbpedia.org/ontology/recordedIn,http://dbpedia.org/resource/Times_Like_These_(song)
http://dbpedia.org/resource/Acoustic_music,http://dbpedia.org/ontology/Agent,http://dbpedia.org/ontology/PopulatedPlace,http://dbpedia.org/ontology/Place,http://dbpedia.org/ontology/recordedIn,http://dbpedia.org/resource/Crash_Test_Dude
http://dbpedia.org/resource/CD_single,http://dbpedia.org/ontology/Agent,http://dbpedia.org/ontology/PopulatedPlace,http://dbpedia.org/ontology/Place,http://dbpedia.org/ontology/recordedIn,http://dbpedia.org/resource/Falling_to_Pieces_(Firewind_song)
http://dbpedia.org/resource/Electronic_keyboard,http://dbpedia.org/ontology/Agent,http://dbpedia.org/ontology/PopulatedPlace,http://dbpedia.org/ontology/Place,http://dbpedia.org/ontology/recordedIn,http://dbpedia.org/resource/We_Are_the_Void
http://dbpedia.org/resource/Auditorium_Theatre,http://dbpedia.org/ontology/Agent,http://dbpedia.org/ontology/PopulatedPlace,http://dbpedia.org/ontology/Place,http://dbpedia.org/ontology/recordedIn,http://dbpedia.org/resource/The_Living_Room_Tour
http://dbpedia.org/resource/Auditorium_Theatre,http://dbpedia.org/ontology/Agent,http://dbpedia.org/ontology/PopulatedPlace,http://dbpedia.org/ontology/Place,http://dbpedia.org/ontology/recordedIn,http://dbpedia.org/resource/Stephen_Stills_Live
http://dbpedia.org/resource/Deutsches_Museum,http://dbpedia.org/ontology/Agent,http://dbpedia.org/ontology/PopulatedPlace,http://dbpedia.org/ontology/Place,http://dbpedia.org/ontology/recordedIn,http://dbpedia.org/resource/1916_Live...Everything_Louder_than_Everything_Else
http://dbpedia.org/resource/Baghdad_International_Airport,http://dbpedia.org/ontology/Agent,http://dbpedia.org/ontology/PopulatedPlace,http://dbpedia.org/ontology/Place,http://dbpedia.org/ontology/headquarter,http://dbpedia.org/resource/Iraqi_Airways
http://dbpedia.org/resource/Baghdad_International_Airport,http://dbpedia.org/ontology/Agent,http://dbpedia.org/ontology/PopulatedPlace,http://dbpedia.org/ontology/Place,http://dbpedia.org/ontology/headquarter,http://dbpedia.org/resource/Fly_Baghdad
http://dbpedia.org/resource/Casa_Ricordi,http://dbpedia.org/ontology/Agent,http://dbpedia.org/ontology/PopulatedPlace,http://dbpedia.org/ontology/Place,http://dbpedia.org/ontology/recordedIn,http://dbpedia.org/resource/Volume_8_(Fabrizio_De_André_album)
http://dbpedia.org/resource/Baltimore_and_Ohio_Railroad,http://dbpedia.org/ontology/Building,http://dbpedia.org/ontology/Architect,http://dbpedia.org/ontology/Person,http://dbpedia.org/ontology/architect,http://dbpedia.org/resource/Bloomington_Viaduct
http://dbpedia.org/resource/Baltimore_and_Ohio_Railroad,http://dbpedia.org/ontology/Building,http://dbpedia.org/ontology/Architect,http://dbpedia.org/ontology/Person,http://dbpedia.org/ontology/architect,http://dbpedia.org/resource/Berkeley_Springs_Train_Depot
http://dbpedia.org/resource/Lake_Starnberg,http://dbpedia.org/ontology/Agent,http://dbpedia.org/ontology/PopulatedPlace,http://dbpedia.org/ontology/Place,http://dbpedia.org/ontology/recordedIn,http://dbpedia.org/resource/Something_About_Us
http://dbpedia.org/resource/Lake_Starnberg,http://dbpedia.org/ontology/Agent,http://dbpedia.org/ontology/PopulatedPlace,http://dbpedia.org/ontology/Place,http://dbpedia.org/ontology/recordedIn,http://dbpedia.org/resource/When_the_Angels_Sing
http://dbpedia.org/resource/Lake_Starnberg,http://dbpedia.org/ontology/Agent,http://dbpedia.org/ontology/PopulatedPlace,http://dbpedia.org/ontology/Place,http://dbpedia.org/ontology/recordedIn,http://dbpedia.org/resource/All_Cried_Out_(Alison_Moyet_song)
http://dbpedia.org/resource/Lake_Starnberg,http://dbpedia.org/ontology/Agent,http://dbpedia.org/ontology/PopulatedPlace,http://dbpedia.org/ontology/Place,http://dbpedia.org/ontology/recordedIn,http://dbpedia.org/resource/Reason_(No_Angels_song)
http://dbpedia.org/resource/Lake_Starnberg,http://dbpedia.org/ontology/Agent,http://dbpedia.org/ontology/PopulatedPlace,http://dbpedia.org/ontology/Place,http://dbpedia.org/ontology/recordedIn,http://dbpedia.org/resource/Atlantis_(song)
http://dbpedia.org/resource/Lake_Starnberg,http://dbpedia.org/ontology/Agent,http://dbpedia.org/ontology/PopulatedPlace,http://dbpedia.org/ontology/Place,http://dbpedia.org/ontology/recordedIn,http://dbpedia.org/resource/Daylight_in_Your_Eyes
http://dbpedia.org/resource/Alonzo_Drake__1,http://dbpedia.org/ontology/Person,http://dbpedia.org/ontology/CareerStation,http://dbpedia.org/ontology/TimePeriod,http://dbpedia.org/ontology/careerStation,http://dbpedia.org/resource/Alonzo_Drake
http://dbpedia.org/resource/Burdur,http://dbpedia.org/ontology/Agent,http://dbpedia.org/ontology/PopulatedPlace,http://dbpedia.org/ontology/Place,http://dbpedia.org/ontology/nearestCity,http://dbpedia.org/resource/Lake_Burdur
http://dbpedia.org/resource/Africa,http://dbpedia.org/ontology/Agent,http://dbpedia.org/ontology/PopulatedPlace,http://dbpedia.org/ontology/Place,http://dbpedia.org/ontology/place,http://dbpedia.org/resource/Battle_of_Guinea
http://dbpedia.org/resource/Africa,http://dbpedia.org/ontology/Agent,http://dbpedia.org/ontology/PopulatedPlace,http://dbpedia.org/ontology/Place,http://dbpedia.org/ontology/place,http://dbpedia.org/resource/African_Slave_Trade_Patrol
http://dbpedia.org/resource/Africa,http://dbpedia.org/ontology/Agent,http://dbpedia.org/ontology/PopulatedPlace,http://dbpedia.org/ontology/Place,http://dbpedia.org/ontology/place,http://dbpedia.org/resource/Blockade_of_Africa
http://dbpedia.org/resource/Africa,http://dbpedia.org/ontology/Agent,http://dbpedia.org/ontology/PopulatedPlace,http://dbpedia.org/ontology/Place,http://dbpedia.org/ontology/place,http://dbpedia.org/resource/Battle_for_Lake_Tanganyika
http://dbpedia.org/resource/Africa,http://dbpedia.org/ontology/Agent,http://dbpedia.org/ontology/PopulatedPlace,http://dbpedia.org/ontology/Place,http://dbpedia.org/ontology/place,http://dbpedia.org/resource/United_States_Exploring_Expedition
http://dbpedia.org/resource/Africa,http://dbpedia.org/ontology/Agent,http://dbpedia.org/ontology/PopulatedPlace,http://dbpedia.org/ontology/Place,http://dbpedia.org/ontology/place,http://dbpedia.org/resource/African_theatre_of_World_War_I
http://dbpedia.org/resource/Africa,http://dbpedia.org/ontology/Agent,http://dbpedia.org/ontology/PopulatedPlace,http://dbpedia.org/ontology/Place,http://dbpedia.org/ontology/place,http://dbpedia.org/resource/Battle_of_Kirina
http://dbpedia.org/resource/Africa,http://dbpedia.org/ontology/Agent,http://dbpedia.org/ontology/PopulatedPlace,http://dbpedia.org/ontology/Place,http://dbpedia.org/ontology/place,http://dbpedia.org/resource/Seven_Years'_War
http://dbpedia.org/resource/Africa,http://dbpedia.org/ontology/Agent,http://dbpedia.org/ontology/PopulatedPlace,http://dbpedia.org/ontology/Place,http://dbpedia.org/ontology/place,http://dbpedia.org/resource/Battle_of_Cape_Lopez
http://dbpedia.org/resource/Africa,http://dbpedia.org/ontology/Agent,http://dbpedia.org/ontology/PopulatedPlace,http://dbpedia.org/ontology/Place,http://dbpedia.org/ontology/billed,http://dbpedia.org/resource/One_Man_Gang
http://dbpedia.org/resource/Africa,http://dbpedia.org/ontology/Agent,http://dbpedia.org/ontology/PopulatedPlace,http://dbpedia.org/ontology/Place,http://dbpedia.org/ontology/broadcastArea,http://dbpedia.org/resource/Discovery_World_(TV_channel)
http://dbpedia.org/resource/Africa,http://dbpedia.org/ontology/Agent,http://dbpedia.org/ontology/PopulatedPlace,http://dbpedia.org/ontology/Place,http://dbpedia.org/ontology/broadcastArea,http://dbpedia.org/resource/Peace_TV
http://dbpedia.org/resource/Africa,http://dbpedia.org/ontology/Agent,http://dbpedia.org/ontology/PopulatedPlace,http://dbpedia.org/ontology/Place,http://dbpedia.org/ontology/broadcastArea,http://dbpedia.org/resource/M-Net
http://dbpedia.org/resource/Africa,http://dbpedia.org/ontology/Agent,http://dbpedia.org/ontology/PopulatedPlace,http://dbpedia.org/ontology/Place,http://dbpedia.org/ontology/broadcastArea,http://dbpedia.org/resource/RDP_Internacional
http://dbpedia.org/resource/Africa,http://dbpedia.org/ontology/Agent,http://dbpedia.org/ontology/PopulatedPlace,http://dbpedia.org/ontology/Place,http://dbpedia.org/ontology/broadcastArea,http://dbpedia.org/resource/Emmanuel_TV
http://dbpedia.org/resource/Africa,http://dbpedia.org/ontology/Agent,http://dbpedia.org/ontology/PopulatedPlace,http://dbpedia.org/ontology/Place,http://dbpedia.org/ontology/broadcastArea,http://dbpedia.org/resource/BBC_First
http://dbpedia.org/resource/Africa,http://dbpedia.org/ontology/Agent,http://dbpedia.org/ontology/PopulatedPlace,http://dbpedia.org/ontology/Place,http://dbpedia.org/ontology/broadcastArea,http://dbpedia.org/resource/Ogun_State_Television
http://dbpedia.org/resource/Africa,http://dbpedia.org/ontology/Agent,http://dbpedia.org/ontology/PopulatedPlace,http://dbpedia.org/ontology/Place,http://dbpedia.org/ontology/broadcastArea,http://dbpedia.org/resource/Boomerang_(EMEA)
http://dbpedia.org/resource/Africa,http://dbpedia.org/ontology/Agent,http://dbpedia.org/ontology/PopulatedPlace,http://dbpedia.org/ontology/Place,http://dbpedia.org/ontology/broadcastArea,http://dbpedia.org/resource/TVC_News
http://dbpedia.org/resource/Africa,http://dbpedia.org/ontology/Agent,http://dbpedia.org/ontology/PopulatedPlace,http://dbpedia.org/ontology/Place,http://dbpedia.org/ontology/broadcastArea,http://dbpedia.org/resource/AAP_TV
http://dbpedia.org/resource/Africa,http://dbpedia.org/ontology/Agent,http://dbpedia.org/ontology/PopulatedPlace,http://dbpedia.org/ontology/Place,http://dbpedia.org/ontology/broadcastArea,http://dbpedia.org/resource/Rai_Italia
http://dbpedia.org/resource/Africa,http://dbpedia.org/ontology/Agent,http://dbpedia.org/ontology/PopulatedPlace,http://dbpedia.org/ontology/Place,http://dbpedia.org/ontology/broadcastArea,http://dbpedia.org/resource/RASD_TV
http://dbpedia.org/resource/Africa,http://dbpedia.org/ontology/Agent,http://dbpedia.org/ontology/PopulatedPlace,http://dbpedia.org/ontology/Place,http://dbpedia.org/ontology/broadcastArea,http://dbpedia.org/resource/MTA_2
http://dbpedia.org/resource/Africa,http://dbpedia.org/ontology/Agent,http://dbpedia.org/ontology/PopulatedPlace,http://dbpedia.org/ontology/Place,http://dbpedia.org/ontology/broadcastArea,http://dbpedia.org/resource/947_(radio_station)
http://dbpedia.org/resource/Africa,http://dbpedia.org/ontology/Agent,http://dbpedia.org/ontology/PopulatedPlace,http://dbpedia.org/ontology/Place,http://dbpedia.org/ontology/broadcastArea,http://dbpedia.org/resource/Sadhna_TV
http://dbpedia.org/resource/Africa,http://dbpedia.org/ontology/Agent,http://dbpedia.org/ontology/PopulatedPlace,http://dbpedia.org/ontology/Place,http://dbpedia.org/ontology/broadcastArea,http://dbpedia.org/resource/MSNBC
http://dbpedia.org/resource/Africa,http://dbpedia.org/ontology/Agent,http://dbpedia.org/ontology/PopulatedPlace,http://dbpedia.org/ontology/Place,http://dbpedia.org/ontology/broadcastArea,http://dbpedia.org/resource/Discovery_Channel_Europe
http://dbpedia.org/resource/Africa,http://dbpedia.org/ontology/Agent,http://dbpedia.org/ontology/PopulatedPlace,http://dbpedia.org/ontology/Place,http://dbpedia.org/ontology/broadcastArea,http://dbpedia.org/resource/Televisão_Pública_de_Angola__TPA_1__1
http://dbpedia.org/resource/Africa,http://dbpedia.org/ontology/Agent,http://dbpedia.org/ontology/PopulatedPlace,http://dbpedia.org/ontology/Place,http://dbpedia.org/ontology/broadcastArea,http://dbpedia.org/resource/Animal_Planet_Europe
http://dbpedia.org/resource/Africa,http://dbpedia.org/ontology/Agent,http://dbpedia.org/ontology/PopulatedPlace,http://dbpedia.org/ontology/Place,http://dbpedia.org/ontology/broadcastArea,http://dbpedia.org/resource/Horn_Cable_Television
http://dbpedia.org/resource/Africa,http://dbpedia.org/ontology/Agent,http://dbpedia.org/ontology/PopulatedPlace,http://dbpedia.org/ontology/Place,http://dbpedia.org/ontology/broadcastArea,http://dbpedia.org/resource/BET_International
http://dbpedia.org/resource/Africa,http://dbpedia.org/ontology/Agent,http://dbpedia.org/ontology/PopulatedPlace,http://dbpedia.org/ontology/Place,http://dbpedia.org/ontology/broadcastArea,http://dbpedia.org/resource/Stingray_Music_International
http://dbpedia.org/resource/Africa,http://dbpedia.org/ontology/Agent,http://dbpedia.org/ontology/PopulatedPlace,http://dbpedia.org/ontology/Place,http://dbpedia.org/ontology/broadcastArea,http://dbpedia.org/resource/Israeli_Network
http://dbpedia.org/resource/Africa,http://dbpedia.org/ontology/Agent,http://dbpedia.org/ontology/PopulatedPlace,http://dbpedia.org/ontology/Place,http://dbpedia.org/ontology/broadcastArea,http://dbpedia.org/resource/Africa_Independent_Television
http://dbpedia.org/resource/Africa,http://dbpedia.org/ontology/Agent,http://dbpedia.org/ontology/PopulatedPlace,http://dbpedia.org/ontology/Place,http://dbpedia.org/ontology/broadcastArea,http://dbpedia.org/resource/IConcerts
http://dbpedia.org/resource/Africa,http://dbpedia.org/ontology/Agent,http://dbpedia.org/ontology/PopulatedPlace,http://dbpedia.org/ontology/Place,http://dbpedia.org/ontology/broadcastArea,http://dbpedia.org/resource/Discovery_Science_(TV_channel)
http://dbpedia.org/resource/Africa,http://dbpedia.org/ontology/Agent,http://dbpedia.org/ontology/PopulatedPlace,http://dbpedia.org/ontology/Place,http://dbpedia.org/ontology/broadcastArea,http://dbpedia.org/resource/Nickelodeon_(Africa)
http://dbpedia.org/resource/Africa,http://dbpedia.org/ontology/Agent,http://dbpedia.org/ontology/PopulatedPlace,http://dbpedia.org/ontology/Place,http://dbpedia.org/ontology/broadcastArea,http://dbpedia.org/resource/Maasranga_Television
http://dbpedia.org/resource/Africa,http://dbpedia.org/ontology/Agent,http://dbpedia.org/ontology/PopulatedPlace,http://dbpedia.org/ontology/Place,http://dbpedia.org/ontology/broadcastArea,http://dbpedia.org/resource/JimJam
http://dbpedia.org/resource/Africa,http://dbpedia.org/ontology/Agent,http://dbpedia.org/ontology/PopulatedPlace,http://dbpedia.org/ontology/Place,http://dbpedia.org/ontology/broadcastArea,http://dbpedia.org/resource/SuperSport_(South_African_TV_channel)
http://dbpedia.org/resource/Africa,http://dbpedia.org/ontology/Agent,http://dbpedia.org/ontology/PopulatedPlace,http://dbpedia.org/ontology/Place,http://dbpedia.org/ontology/broadcastArea,http://dbpedia.org/resource/Crime_&_Investigation_Network_(Europe)
http://dbpedia.org/resource/Africa,http://dbpedia.org/ontology/Agent,http://dbpedia.org/ontology/PopulatedPlace,http://dbpedia.org/ontology/Place,http://dbpedia.org/ontology/broadcastArea,http://dbpedia.org/resource/Disney_XD_(Europe)
http://dbpedia.org/resource/Africa,http://dbpedia.org/ontology/Agent,http://dbpedia.org/ontology/PopulatedPlace,http://dbpedia.org/ontology/Place,http://dbpedia.org/ontology/broadcastArea,http://dbpedia.org/resource/BBC_Entertainment
http://dbpedia.org/resource/Africa,http://dbpedia.org/ontology/Agent,http://dbpedia.org/ontology/PopulatedPlace,http://dbpedia.org/ontology/Place,http://dbpedia.org/ontology/broadcastArea,http://dbpedia.org/resource/Nautical_Channel
http://dbpedia.org/resource/Africa,http://dbpedia.org/ontology/Agent,http://dbpedia.org/ontology/PopulatedPlace,http://dbpedia.org/ontology/Place,http://dbpedia.org/ontology/broadcastArea,http://dbpedia.org/resource/ERT_World
http://dbpedia.org/resource/Africa,http://dbpedia.org/ontology/Agent,http://dbpedia.org/ontology/PopulatedPlace,http://dbpedia.org/ontology/Place,http://dbpedia.org/ontology/broadcastArea,http://dbpedia.org/resource/U-Pop
http://dbpedia.org/resource/Africa,http://dbpedia.org/ontology/Agent,http://dbpedia.org/ontology/PopulatedPlace,http://dbpedia.org/ontology/Place,http://dbpedia.org/ontology/broadcastArea,http://dbpedia.org/resource/94.5_Kfm
http://dbpedia.org/resource/Africa,http://dbpedia.org/ontology/Agent,http://dbpedia.org/ontology/PopulatedPlace,http://dbpedia.org/ontology/Place,http://dbpedia.org/ontology/broadcastArea,http://dbpedia.org/resource/Lebanese_Broadcasting_Corporation_International
http://dbpedia.org/resource/Africa,http://dbpedia.org/ontology/Agent,http://dbpedia.org/ontology/PopulatedPlace,http://dbpedia.org/ontology/Place,http://dbpedia.org/ontology/broadcastArea,http://dbpedia.org/resource/Africable
http://dbpedia.org/resource/Africa,http://dbpedia.org/ontology/Agent,http://dbpedia.org/ontology/PopulatedPlace,http://dbpedia.org/ontology/Place,http://dbpedia.org/ontology/broadcastArea,http://dbpedia.org/resource/Radio_Exterior
http://dbpedia.org/resource/Africa,http://dbpedia.org/ontology/Agent,http://dbpedia.org/ontology/PopulatedPlace,http://dbpedia.org/ontology/Place,http://dbpedia.org/ontology/broadcastArea,http://dbpedia.org/resource/ITV_Choice
http://dbpedia.org/resource/Africa,http://dbpedia.org/ontology/Agent,http://dbpedia.org/ontology/PopulatedPlace,http://dbpedia.org/ontology/Place,http://dbpedia.org/ontology/broadcastArea,http://dbpedia.org/resource/CCTV_Africa
http://dbpedia.org/resource/Africa,http://dbpedia.org/ontology/Agent,http://dbpedia.org/ontology/PopulatedPlace,http://dbpedia.org/ontology/Place,http://dbpedia.org/ontology/broadcastArea,http://dbpedia.org/resource/SIC_Internacional
http://dbpedia.org/resource/Africa,http://dbpedia.org/ontology/Agent,http://dbpedia.org/ontology/PopulatedPlace,http://dbpedia.org/ontology/Place,http://dbpedia.org/ontology/broadcastArea,http://dbpedia.org/resource/CBS_Action
http://dbpedia.org/resource/Africa,http://dbpedia.org/ontology/Agent,http://dbpedia.org/ontology/PopulatedPlace,http://dbpedia.org/ontology/Place,http://dbpedia.org/ontology/broadcastArea,http://dbpedia.org/resource/Mohona_TV
http://dbpedia.org/resource/Africa,http://dbpedia.org/ontology/Agent,http://dbpedia.org/ontology/PopulatedPlace,http://dbpedia.org/ontology/Place,http://dbpedia.org/ontology/broadcastArea,http://dbpedia.org/resource/Cartoon_Network_(Greece)
http://dbpedia.org/resource/Africa,http://dbpedia.org/ontology/Agent,http://dbpedia.org/ontology/PopulatedPlace,http://dbpedia.org/ontology/Place,http://dbpedia.org/ontology/broadcastArea,http://dbpedia.org/resource/BBC_Food
http://dbpedia.org/resource/Africa,http://dbpedia.org/ontology/Agent,http://dbpedia.org/ontology/PopulatedPlace,http://dbpedia.org/ontology/Place,http://dbpedia.org/ontology/spokenIn,http://dbpedia.org/resource/Dutch_language
http://dbpedia.org/resource/Africa,http://dbpedia.org/ontology/Agent,http://dbpedia.org/ontology/PopulatedPlace,http://dbpedia.org/ontology/Place,http://dbpedia.org/ontology/recordedIn,http://dbpedia.org/resource/Maison_Des_Jeunes
http://dbpedia.org/resource/Africa,http://dbpedia.org/ontology/Agent,http://dbpedia.org/ontology/PopulatedPlace,http://dbpedia.org/ontology/Place,http://dbpedia.org/ontology/origin,http://dbpedia.org/resource/Sjambok
http://dbpedia.org/resource/Africa,http://dbpedia.org/ontology/Agent,http://dbpedia.org/ontology/PopulatedPlace,http://dbpedia.org/ontology/Place,http://dbpedia.org/ontology/origin,http://dbpedia.org/resource/Rhino_Horn_banana
http://dbpedia.org/resource/Africa,http://dbpedia.org/ontology/Agent,http://dbpedia.org/ontology/PopulatedPlace,http://dbpedia.org/ontology/Place,http://dbpedia.org/ontology/origin,http://dbpedia.org/resource/Fatalii
http://dbpedia.org/resource/Africa,http://dbpedia.org/ontology/Agent,http://dbpedia.org/ontology/PopulatedPlace,http://dbpedia.org/ontology/Place,http://dbpedia.org/ontology/destination,http://dbpedia.org/resource/Air_2000
http://dbpedia.org/resource/Africa,http://dbpedia.org/ontology/Agent,http://dbpedia.org/ontology/PopulatedPlace,http://dbpedia.org/ontology/Place,http://dbpedia.org/ontology/populationPlace,http://dbpedia.org/resource/Sahrawi_people
http://dbpedia.org/resource/Africa,http://dbpedia.org/ontology/Agent,http://dbpedia.org/ontology/PopulatedPlace,http://dbpedia.org/ontology/Place,http://dbpedia.org/ontology/populationPlace,http://dbpedia.org/resource/Hakka_people
http://dbpedia.org/resource/Africa,http://dbpedia.org/ontology/Agent,http://dbpedia.org/ontology/PopulatedPlace,http://dbpedia.org/ontology/Place,http://dbpedia.org/ontology/destination,http://dbpedia.org/resource/Cal_Air_International
http://dbpedia.org/resource/Africa,http://dbpedia.org/ontology/Agent,http://dbpedia.org/ontology/PopulatedPlace,http://dbpedia.org/ontology/Place,http://dbpedia.org/ontology/populationPlace,http://dbpedia.org/resource/Kingdom_of_Sanwi
http://dbpedia.org/resource/Bien_Hoa_Air_Base,http://dbpedia.org/ontology/Agent,http://dbpedia.org/ontology/PopulatedPlace,http://dbpedia.org/ontology/Place,http://dbpedia.org/ontology/garrison,http://dbpedia.org/resource/161st_Independent_Reconnaissance_Flight_(Australia)
http://dbpedia.org/resource/Trbovlje,http://dbpedia.org/ontology/Agent,http://dbpedia.org/ontology/PopulatedPlace,http://dbpedia.org/ontology/Place,http://dbpedia.org/ontology/recordedIn,http://dbpedia.org/resource/Dobrodošli_na_okean
http://dbpedia.org/resource/Yüksekova,http://dbpedia.org/ontology/Agent,http://dbpedia.org/ontology/PopulatedPlace,http://dbpedia.org/ontology/Place,http://dbpedia.org/ontology/place,http://dbpedia.org/resource/2011_Hakkâri_attack
http://dbpedia.org/resource/Muharraq,http://dbpedia.org/ontology/Agent,http://dbpedia.org/ontology/PopulatedPlace,http://dbpedia.org/ontology/Place,http://dbpedia.org/ontology/headquarter,http://dbpedia.org/resource/Bahrain_Air
http://dbpedia.org/resource/Muharraq,http://dbpedia.org/ontology/Agent,http://dbpedia.org/ontology/PopulatedPlace,http://dbpedia.org/ontology/Place,http://dbpedia.org/ontology/headquarter,http://dbpedia.org/resource/Gulf_Air
http://dbpedia.org/resource/Muharraq,http://dbpedia.org/ontology/Agent,http://dbpedia.org/ontology/PopulatedPlace,http://dbpedia.org/ontology/Place,http://dbpedia.org/ontology/headquarter,http://dbpedia.org/resource/DHL_International_Aviation_ME
http://dbpedia.org/resource/Violin,http://dbpedia.org/ontology/Agent,http://dbpedia.org/ontology/PopulatedPlace,http://dbpedia.org/ontology/Place,http://dbpedia.org/ontology/recordedIn,http://dbpedia.org/resource/Stones_Grow_Her_Name
http://dbpedia.org/resource/James_Island_(South_Carolina),http://dbpedia.org/ontology/Agent,http://dbpedia.org/ontology/PopulatedPlace,http://dbpedia.org/ontology/Place,http://dbpedia.org/ontology/place,http://dbpedia.org/resource/Battle_of_Grimball's_Causeway
http://dbpedia.org/resource/James_Island_(South_Carolina),http://dbpedia.org/ontology/Agent,http://dbpedia.org/ontology/PopulatedPlace,http://dbpedia.org/ontology/Place,http://dbpedia.org/ontology/place,http://dbpedia.org/resource/Battle_of_Grimball's_Landing
http://dbpedia.org/resource/South_Lanarkshire,http://dbpedia.org/ontology/Agent,http://dbpedia.org/ontology/PopulatedPlace,http://dbpedia.org/ontology/Place,http://dbpedia.org/ontology/place,http://dbpedia.org/resource/Battle_of_Bothwell_Bridge
http://dbpedia.org/resource/South_Lanarkshire,http://dbpedia.org/ontology/Agent,http://dbpedia.org/ontology/PopulatedPlace,http://dbpedia.org/ontology/Place,http://dbpedia.org/ontology/place,http://dbpedia.org/resource/Battle_of_Drumclog
http://dbpedia.org/resource/South_Lanarkshire,http://dbpedia.org/ontology/Agent,http://dbpedia.org/ontology/PopulatedPlace,http://dbpedia.org/ontology/Place,http://dbpedia.org/ontology/district,http://dbpedia.org/resource/Carnwath_railway_station
http://dbpedia.org/resource/South_Lanarkshire,http://dbpedia.org/ontology/Agent,http://dbpedia.org/ontology/PopulatedPlace,http://dbpedia.org/ontology/Place,http://dbpedia.org/ontology/district,http://dbpedia.org/resource/Dalserf_railway_station
http://dbpedia.org/resource/South_Lanarkshire,http://dbpedia.org/ontology/Agent,http://dbpedia.org/ontology/PopulatedPlace,http://dbpedia.org/ontology/Place,http://dbpedia.org/ontology/district,http://dbpedia.org/resource/Merryton_railway_station
http://dbpedia.org/resource/South_Lanarkshire,http://dbpedia.org/ontology/Agent,http://dbpedia.org/ontology/PopulatedPlace,http://dbpedia.org/ontology/Place,http://dbpedia.org/ontology/district,http://dbpedia.org/resource/Blantyre_railway_station
http://dbpedia.org/resource/South_Lanarkshire,http://dbpedia.org/ontology/Agent,http://dbpedia.org/ontology/PopulatedPlace,http://dbpedia.org/ontology/Place,http://dbpedia.org/ontology/district,http://dbpedia.org/resource/Strathaven_North_railway_station
http://dbpedia.org/resource/South_Lanarkshire,http://dbpedia.org/ontology/Agent,http://dbpedia.org/ontology/PopulatedPlace,http://dbpedia.org/ontology/Place,http://dbpedia.org/ontology/district,http://dbpedia.org/resource/Larkhall_railway_station
http://dbpedia.org/resource/South_Lanarkshire,http://dbpedia.org/ontology/Agent,http://dbpedia.org/ontology/PopulatedPlace,http://dbpedia.org/ontology/Place,http://dbpedia.org/ontology/district,http://dbpedia.org/resource/Carluke_railway_station
http://dbpedia.org/resource/South_Lanarkshire,http://dbpedia.org/ontology/Agent,http://dbpedia.org/ontology/PopulatedPlace,http://dbpedia.org/ontology/Place,http://dbpedia.org/ontology/district,http://dbpedia.org/resource/Hairmyres_railway_station
http://dbpedia.org/resource/South_Lanarkshire,http://dbpedia.org/ontology/Agent,http://dbpedia.org/ontology/PopulatedPlace,http://dbpedia.org/ontology/Place,http://dbpedia.org/ontology/district,http://dbpedia.org/resource/Auchengray_railway_station
http://dbpedia.org/resource/South_Lanarkshire,http://dbpedia.org/ontology/Agent,http://dbpedia.org/ontology/PopulatedPlace,http://dbpedia.org/ontology/Place,http://dbpedia.org/ontology/district,http://dbpedia.org/resource/Hamilton_Central_railway_station
http://dbpedia.org/resource/South_Lanarkshire,http://dbpedia.org/ontology/Agent,http://dbpedia.org/ontology/PopulatedPlace,http://dbpedia.org/ontology/Place,http://dbpedia.org/ontology/district,http://dbpedia.org/resource/Douglas_West_railway_station
http://dbpedia.org/resource/South_Lanarkshire,http://dbpedia.org/ontology/Agent,http://dbpedia.org/ontology/PopulatedPlace,http://dbpedia.org/ontology/Place,http://dbpedia.org/ontology/district,http://dbpedia.org/resource/Symington_railway_station
http://dbpedia.org/resource/South_Lanarkshire,http://dbpedia.org/ontology/Agent,http://dbpedia.org/ontology/PopulatedPlace,http://dbpedia.org/ontology/Place,http://dbpedia.org/ontology/district,http://dbpedia.org/resource/Carstairs_railway_station
http://dbpedia.org/resource/South_Lanarkshire,http://dbpedia.org/ontology/Agent,http://dbpedia.org/ontology/PopulatedPlace,http://dbpedia.org/ontology/Place,http://dbpedia.org/ontology/district,http://dbpedia.org/resource/Uddingston_West_railway_station
http://dbpedia.org/resource/South_Lanarkshire,http://dbpedia.org/ontology/Agent,http://dbpedia.org/ontology/PopulatedPlace,http://dbpedia.org/ontology/Place,http://dbpedia.org/ontology/district,http://dbpedia.org/resource/Crawford_(South_Lanarkshire)_railway_station
http://dbpedia.org/resource/South_Lanarkshire,http://dbpedia.org/ontology/Agent,http://dbpedia.org/ontology/PopulatedPlace,http://dbpedia.org/ontology/Place,http://dbpedia.org/ontology/district,http://dbpedia.org/resource/Kirkhill_railway_station
http://dbpedia.org/resource/South_Lanarkshire,http://dbpedia.org/ontology/Agent,http://dbpedia.org/ontology/PopulatedPlace,http://dbpedia.org/ontology/Place,http://dbpedia.org/ontology/district,http://dbpedia.org/resource/Auchlochan_Platform_railway_station
http://dbpedia.org/resource/South_Lanarkshire,http://dbpedia.org/ontology/Agent,http://dbpedia.org/ontology/PopulatedPlace,http://dbpedia.org/ontology/Place,http://dbpedia.org/ontology/district,http://dbpedia.org/resource/Ryeland_railway_station
http://dbpedia.org/resource/South_Lanarkshire,http://dbpedia.org/ontology/Agent,http://dbpedia.org/ontology/PopulatedPlace,http://dbpedia.org/ontology/Place,http://dbpedia.org/ontology/district,http://dbpedia.org/resource/Burnside_railway_station
http://dbpedia.org/resource/South_Lanarkshire,http://dbpedia.org/ontology/Agent,http://dbpedia.org/ontology/PopulatedPlace,http://dbpedia.org/ontology/Place,http://dbpedia.org/ontology/district,http://dbpedia.org/resource/East_Kilbride_railway_station
http://dbpedia.org/resource/South_Lanarkshire,http://dbpedia.org/ontology/Agent,http://dbpedia.org/ontology/PopulatedPlace,http://dbpedia.org/ontology/Place,http://dbpedia.org/ontology/district,http://dbpedia.org/resource/Alton_Heights_Junction_railway_station
http://dbpedia.org/resource/South_Lanarkshire,http://dbpedia.org/ontology/Agent,http://dbpedia.org/ontology/PopulatedPlace,http://dbpedia.org/ontology/Place,http://dbpedia.org/ontology/district,http://dbpedia.org/resource/Rutherglen_railway_station
http://dbpedia.org/resource/South_Lanarkshire,http://dbpedia.org/ontology/Agent,http://dbpedia.org/ontology/PopulatedPlace,http://dbpedia.org/ontology/Place,http://dbpedia.org/ontology/district,http://dbpedia.org/resource/Newton_(Lanark)_railway_station
http://dbpedia.org/resource/South_Lanarkshire,http://dbpedia.org/ontology/Agent,http://dbpedia.org/ontology/PopulatedPlace,http://dbpedia.org/ontology/Place,http://dbpedia.org/ontology/district,http://dbpedia.org/resource/Uddingston_East_railway_station
http://dbpedia.org/resource/South_Lanarkshire,http://dbpedia.org/ontology/Agent,http://dbpedia.org/ontology/PopulatedPlace,http://dbpedia.org/ontology/Place,http://dbpedia.org/ontology/district,http://dbpedia.org/resource/Abington_railway_station
http://dbpedia.org/resource/South_Lanarkshire,http://dbpedia.org/ontology/Agent,http://dbpedia.org/ontology/PopulatedPlace,http://dbpedia.org/ontology/Place,http://dbpedia.org/ontology/district,http://dbpedia.org/resource/Lanark_railway_station
http://dbpedia.org/resource/South_Lanarkshire,http://dbpedia.org/ontology/Agent,http://dbpedia.org/ontology/PopulatedPlace,http://dbpedia.org/ontology/Place,http://dbpedia.org/ontology/district,http://dbpedia.org/resource/Auchenheath_railway_station
http://dbpedia.org/resource/South_Lanarkshire,http://dbpedia.org/ontology/Agent,http://dbpedia.org/ontology/PopulatedPlace,http://dbpedia.org/ontology/Place,http://dbpedia.org/ontology/district,http://dbpedia.org/resource/Drumclog_railway_station
http://dbpedia.org/resource/South_Lanarkshire,http://dbpedia.org/ontology/Agent,http://dbpedia.org/ontology/PopulatedPlace,http://dbpedia.org/ontology/Place,http://dbpedia.org/ontology/district,http://dbpedia.org/resource/Uddingston_railway_station
http://dbpedia.org/resource/South_Lanarkshire,http://dbpedia.org/ontology/Agent,http://dbpedia.org/ontology/PopulatedPlace,http://dbpedia.org/ontology/Place,http://dbpedia.org/ontology/district,http://dbpedia.org/resource/Elvanfoot_railway_station
http://dbpedia.org/resource/South_Lanarkshire,http://dbpedia.org/ontology/Agent,http://dbpedia.org/ontology/PopulatedPlace,http://dbpedia.org/ontology/Place,http://dbpedia.org/ontology/district,http://dbpedia.org/resource/River_Clyde
http://dbpedia.org/resource/South_Lanarkshire,http://dbpedia.org/ontology/Agent,http://dbpedia.org/ontology/PopulatedPlace,http://dbpedia.org/ontology/Place,http://dbpedia.org/ontology/district,http://dbpedia.org/resource/Strathaven_Central_railway_station
http://dbpedia.org/resource/South_Lanarkshire,http://dbpedia.org/ontology/Agent,http://dbpedia.org/ontology/PopulatedPlace,http://dbpedia.org/ontology/Place,http://dbpedia.org/ontology/district,http://dbpedia.org/resource/Beattock_Summit
http://dbpedia.org/resource/South_Lanarkshire,http://dbpedia.org/ontology/Agent,http://dbpedia.org/ontology/PopulatedPlace,http://dbpedia.org/ontology/Place,http://dbpedia.org/ontology/district,http://dbpedia.org/resource/Hamilton_West_railway_station
http://dbpedia.org/resource/South_Lanarkshire,http://dbpedia.org/ontology/Agent,http://dbpedia.org/ontology/PopulatedPlace,http://dbpedia.org/ontology/Place,http://dbpedia.org/ontology/district,http://dbpedia.org/resource/Cambuslang_railway_station
http://dbpedia.org/resource/South_Lanarkshire,http://dbpedia.org/ontology/Agent,http://dbpedia.org/ontology/PopulatedPlace,http://dbpedia.org/ontology/Place,http://dbpedia.org/ontology/district,http://dbpedia.org/resource/Thorntonhall_railway_station
http://dbpedia.org/resource/South_Lanarkshire,http://dbpedia.org/ontology/Agent,http://dbpedia.org/ontology/PopulatedPlace,http://dbpedia.org/ontology/Place,http://dbpedia.org/ontology/district,http://dbpedia.org/resource/Chatelherault_railway_station
http://dbpedia.org/resource/South_Lanarkshire,http://dbpedia.org/ontology/Agent,http://dbpedia.org/ontology/PopulatedPlace,http://dbpedia.org/ontology/Place,http://dbpedia.org/ontology/councilArea,"http://dbpedia.org/resource/Waterfoot_East_Renfrewshire"
http://dbpedia.org/resource/South_Lanarkshire,http://dbpedia.org/ontology/Agent,http://dbpedia.org/ontology/PopulatedPlace,http://dbpedia.org/ontology/Place,http://dbpedia.org/ontology/county,http://dbpedia.org/resource/Carluke_High_School
http://dbpedia.org/resource/South_Lanarkshire,http://dbpedia.org/ontology/Agent,http://dbpedia.org/ontology/PopulatedPlace,http://dbpedia.org/ontology/Place,http://dbpedia.org/ontology/councilArea,http://dbpedia.org/resource/Larkhall
http://dbpedia.org/resource/South_Lanarkshire,http://dbpedia.org/ontology/Agent,http://dbpedia.org/ontology/PopulatedPlace,http://dbpedia.org/ontology/Place,http://dbpedia.org/ontology/lieutenancyArea,http://dbpedia.org/resource/Meikle_Earnock
http://dbpedia.org/resource/South_Lanarkshire,http://dbpedia.org/ontology/Agent,http://dbpedia.org/ontology/PopulatedPlace,http://dbpedia.org/ontology/Place,http://dbpedia.org/ontology/councilArea,http://dbpedia.org/resource/Carluke
http://dbpedia.org/resource/South_Lanarkshire,http://dbpedia.org/ontology/Agent,http://dbpedia.org/ontology/PopulatedPlace,http://dbpedia.org/ontology/Place,http://dbpedia.org/ontology/councilArea,http://dbpedia.org/resource/Rutherglen
http://dbpedia.org/resource/South_Lanarkshire,http://dbpedia.org/ontology/Agent,http://dbpedia.org/ontology/PopulatedPlace,http://dbpedia.org/ontology/Place,http://dbpedia.org/ontology/councilArea,"http://dbpedia.org/resource/Nerston_South_Lanarkshire"
http://dbpedia.org/resource/South_Lanarkshire,http://dbpedia.org/ontology/Agent,http://dbpedia.org/ontology/PopulatedPlace,http://dbpedia.org/ontology/Place,http://dbpedia.org/ontology/councilArea,http://dbpedia.org/resource/Auchengray
http://dbpedia.org/resource/South_Lanarkshire,http://dbpedia.org/ontology/Agent,http://dbpedia.org/ontology/PopulatedPlace,http://dbpedia.org/ontology/Place,http://dbpedia.org/ontology/councilArea,"http://dbpedia.org/resource/Carstairs_South_Lanarkshire"
http://dbpedia.org/resource/South_Lanarkshire,http://dbpedia.org/ontology/Agent,http://dbpedia.org/ontology/PopulatedPlace,http://dbpedia.org/ontology/Place,http://dbpedia.org/ontology/councilArea,"http://dbpedia.org/resource/Sandford_South_Lanarkshire"
http://dbpedia.org/resource/South_Lanarkshire,http://dbpedia.org/ontology/Agent,http://dbpedia.org/ontology/PopulatedPlace,http://dbpedia.org/ontology/Place,http://dbpedia.org/ontology/councilArea,http://dbpedia.org/resource/East_Kilbride
http://dbpedia.org/resource/South_Lanarkshire,http://dbpedia.org/ontology/Agent,http://dbpedia.org/ontology/PopulatedPlace,http://dbpedia.org/ontology/Place,http://dbpedia.org/ontology/county,http://dbpedia.org/resource/Hamilton_Grammar_School
http://dbpedia.org/resource/South_Lanarkshire,http://dbpedia.org/ontology/Agent,http://dbpedia.org/ontology/PopulatedPlace,http://dbpedia.org/ontology/Place,http://dbpedia.org/ontology/councilArea,"http://dbpedia.org/resource/Blantyre_South_Lanarkshire"
http://dbpedia.org/resource/South_Lanarkshire,http://dbpedia.org/ontology/Agent,http://dbpedia.org/ontology/PopulatedPlace,http://dbpedia.org/ontology/Place,http://dbpedia.org/ontology/councilArea,"http://dbpedia.org/resource/Biggar_South_Lanarkshire"
http://dbpedia.org/resource/South_Lanarkshire,http://dbpedia.org/ontology/Agent,http://dbpedia.org/ontology/PopulatedPlace,http://dbpedia.org/ontology/Place,http://dbpedia.org/ontology/councilArea,http://dbpedia.org/resource/Jackton
http://dbpedia.org/resource/South_Lanarkshire,http://dbpedia.org/ontology/Agent,http://dbpedia.org/ontology/PopulatedPlace,http://dbpedia.org/ontology/Place,http://dbpedia.org/ontology/territory,http://dbpedia.org/resource/Roman_Catholic_Diocese_of_Motherwell
http://dbpedia.org/resource/South_Lanarkshire,http://dbpedia.org/ontology/Agent,http://dbpedia.org/ontology/PopulatedPlace,http://dbpedia.org/ontology/Place,http://dbpedia.org/ontology/councilArea,http://dbpedia.org/resource/Caldermill
http://dbpedia.org/resource/South_Lanarkshire,http://dbpedia.org/ontology/Agent,http://dbpedia.org/ontology/PopulatedPlace,http://dbpedia.org/ontology/Place,http://dbpedia.org/ontology/councilArea,http://dbpedia.org/resource/Meikle_Earnock
http://dbpedia.org/resource/South_Lanarkshire,http://dbpedia.org/ontology/Agent,http://dbpedia.org/ontology/PopulatedPlace,http://dbpedia.org/ontology/Place,http://dbpedia.org/ontology/councilArea,http://dbpedia.org/resource/Black_Hill_(South_Lanarkshire)
http://dbpedia.org/resource/South_Lanarkshire,http://dbpedia.org/ontology/Agent,http://dbpedia.org/ontology/PopulatedPlace,http://dbpedia.org/ontology/Place,http://dbpedia.org/ontology/county,http://dbpedia.org/resource/Calderside_Academy
http://dbpedia.org/resource/South_Lanarkshire,http://dbpedia.org/ontology/Agent,http://dbpedia.org/ontology/PopulatedPlace,http://dbpedia.org/ontology/Place,http://dbpedia.org/ontology/councilArea,http://dbpedia.org/resource/Elvanfoot
http://dbpedia.org/resource/South_Lanarkshire,http://dbpedia.org/ontology/Agent,http://dbpedia.org/ontology/PopulatedPlace,http://dbpedia.org/ontology/Place,http://dbpedia.org/ontology/councilArea,http://dbpedia.org/resource/Auchinraith
http://dbpedia.org/resource/South_Lanarkshire,http://dbpedia.org/ontology/Agent,http://dbpedia.org/ontology/PopulatedPlace,http://dbpedia.org/ontology/Place,http://dbpedia.org/ontology/councilArea,http://dbpedia.org/resource/New_Lanark
http://dbpedia.org/resource/South_Lanarkshire,http://dbpedia.org/ontology/Agent,http://dbpedia.org/ontology/PopulatedPlace,http://dbpedia.org/ontology/Place,http://dbpedia.org/ontology/county,http://dbpedia.org/resource/Strathaven_Academy
http://dbpedia.org/resource/South_Lanarkshire,http://dbpedia.org/ontology/Agent,http://dbpedia.org/ontology/PopulatedPlace,http://dbpedia.org/ontology/Place,http://dbpedia.org/ontology/councilArea,http://dbpedia.org/resource/Leadhills
http://dbpedia.org/resource/South_Lanarkshire,http://dbpedia.org/ontology/Agent,http://dbpedia.org/ontology/PopulatedPlace,http://dbpedia.org/ontology/Place,http://dbpedia.org/ontology/councilArea,http://dbpedia.org/resource/Lanark
http://dbpedia.org/resource/South_Lanarkshire,http://dbpedia.org/ontology/Agent,http://dbpedia.org/ontology/PopulatedPlace,http://dbpedia.org/ontology/Place,http://dbpedia.org/ontology/councilArea,http://dbpedia.org/resource/Owenstown
http://dbpedia.org/resource/South_Lanarkshire,http://dbpedia.org/ontology/Agent,http://dbpedia.org/ontology/PopulatedPlace,http://dbpedia.org/ontology/Place,http://dbpedia.org/ontology/councilArea,"http://dbpedia.org/resource/Fernhill_Scotland"
http://dbpedia.org/resource/South_Lanarkshire,http://dbpedia.org/ontology/Agent,http://dbpedia.org/ontology/PopulatedPlace,http://dbpedia.org/ontology/Place,http://dbpedia.org/ontology/councilArea,"http://dbpedia.org/resource/Chapelton_South_Lanarkshire"
http://dbpedia.org/resource/South_Lanarkshire,http://dbpedia.org/ontology/Agent,http://dbpedia.org/ontology/PopulatedPlace,http://dbpedia.org/ontology/Place,http://dbpedia.org/ontology/councilArea,http://dbpedia.org/resource/Yieldshields
http://dbpedia.org/resource/South_Lanarkshire,http://dbpedia.org/ontology/Agent,http://dbpedia.org/ontology/PopulatedPlace,http://dbpedia.org/ontology/Place,http://dbpedia.org/ontology/councilArea,http://dbpedia.org/resource/Uddingston
http://dbpedia.org/resource/South_Lanarkshire,http://dbpedia.org/ontology/Agent,http://dbpedia.org/ontology/PopulatedPlace,http://dbpedia.org/ontology/Place,http://dbpedia.org/ontology/state,http://dbpedia.org/resource/South_Lanarkshire_College
http://dbpedia.org/resource/South_Lanarkshire,http://dbpedia.org/ontology/Agent,http://dbpedia.org/ontology/PopulatedPlace,http://dbpedia.org/ontology/Place,http://dbpedia.org/ontology/councilArea,"http://dbpedia.org/resource/Blackwood_South_Lanarkshire"
http://dbpedia.org/resource/South_Lanarkshire,http://dbpedia.org/ontology/Agent,http://dbpedia.org/ontology/PopulatedPlace,http://dbpedia.org/ontology/Place,http://dbpedia.org/ontology/councilArea,"http://dbpedia.org/resource/Newton_South_Lanarkshire"
http://dbpedia.org/resource/South_Lanarkshire,http://dbpedia.org/ontology/Agent,http://dbpedia.org/ontology/PopulatedPlace,http://dbpedia.org/ontology/Place,http://dbpedia.org/ontology/councilArea,http://dbpedia.org/resource/Lesmahagow
http://dbpedia.org/resource/South_Lanarkshire,http://dbpedia.org/ontology/Agent,http://dbpedia.org/ontology/PopulatedPlace,http://dbpedia.org/ontology/Place,http://dbpedia.org/ontology/county,http://dbpedia.org/resource/Calderglen_High_School
http://dbpedia.org/resource/South_Lanarkshire,http://dbpedia.org/ontology/Agent,http://dbpedia.org/ontology/PopulatedPlace,http://dbpedia.org/ontology/Place,http://dbpedia.org/ontology/councilArea,"http://dbpedia.org/resource/Douglas_South_Lanarkshire"
http://dbpedia.org/resource/South_Lanarkshire,http://dbpedia.org/ontology/Agent,http://dbpedia.org/ontology/PopulatedPlace,http://dbpedia.org/ontology/Place,http://dbpedia.org/ontology/councilArea,http://dbpedia.org/resource/Auchenheath
http://dbpedia.org/resource/South_Lanarkshire,http://dbpedia.org/ontology/Agent,http://dbpedia.org/ontology/PopulatedPlace,http://dbpedia.org/ontology/Place,http://dbpedia.org/ontology/councilArea,http://dbpedia.org/resource/Dalserf
http://dbpedia.org/resource/South_Lanarkshire,http://dbpedia.org/ontology/Agent,http://dbpedia.org/ontology/PopulatedPlace,http://dbpedia.org/ontology/Place,http://dbpedia.org/ontology/county,http://dbpedia.org/resource/Lanark_Grammar_School
http://dbpedia.org/resource/South_Lanarkshire,http://dbpedia.org/ontology/Agent,http://dbpedia.org/ontology/PopulatedPlace,http://dbpedia.org/ontology/Place,http://dbpedia.org/ontology/councilArea,"http://dbpedia.org/resource/Allanton_South_Lanarkshire"
http://dbpedia.org/resource/South_Lanarkshire,http://dbpedia.org/ontology/Agent,http://dbpedia.org/ontology/PopulatedPlace,http://dbpedia.org/ontology/Place,http://dbpedia.org/ontology/councilArea,http://dbpedia.org/resource/Cambuslang
http://dbpedia.org/resource/South_Lanarkshire,http://dbpedia.org/ontology/Agent,http://dbpedia.org/ontology/PopulatedPlace,http://dbpedia.org/ontology/Place,http://dbpedia.org/ontology/councilArea,http://dbpedia.org/resource/Kilncadzow
http://dbpedia.org/resource/South_Lanarkshire,http://dbpedia.org/ontology/Agent,http://dbpedia.org/ontology/PopulatedPlace,http://dbpedia.org/ontology/Place,http://dbpedia.org/ontology/territory,http://dbpedia.org/resource/Roman_Catholic_Archdiocese_of_Glasgow
http://dbpedia.org/resource/South_Lanarkshire,http://dbpedia.org/ontology/Agent,http://dbpedia.org/ontology/PopulatedPlace,http://dbpedia.org/ontology/Place,http://dbpedia.org/ontology/councilArea,"http://dbpedia.org/resource/Braidwood_South_Lanarkshire"
http://dbpedia.org/resource/South_Lanarkshire,http://dbpedia.org/ontology/Agent,http://dbpedia.org/ontology/PopulatedPlace,http://dbpedia.org/ontology/Place,http://dbpedia.org/ontology/councilArea,http://dbpedia.org/resource/Tarbrax
http://dbpedia.org/resource/South_Lanarkshire,http://dbpedia.org/ontology/Agent,http://dbpedia.org/ontology/PopulatedPlace,http://dbpedia.org/ontology/Place,http://dbpedia.org/ontology/councilArea,http://dbpedia.org/resource/Ashgill
http://dbpedia.org/resource/South_Lanarkshire,http://dbpedia.org/ontology/Agent,http://dbpedia.org/ontology/PopulatedPlace,http://dbpedia.org/ontology/Place,http://dbpedia.org/ontology/county,http://dbpedia.org/resource/Uddingston_Grammar_School
http://dbpedia.org/resource/South_Lanarkshire,http://dbpedia.org/ontology/Agent,http://dbpedia.org/ontology/PopulatedPlace,http://dbpedia.org/ontology/Place,http://dbpedia.org/ontology/councilArea,http://dbpedia.org/resource/Earnock
http://dbpedia.org/resource/South_Lanarkshire,http://dbpedia.org/ontology/Agent,http://dbpedia.org/ontology/PopulatedPlace,http://dbpedia.org/ontology/Place,http://dbpedia.org/ontology/councilArea,http://dbpedia.org/resource/Strathaven
http://dbpedia.org/resource/South_Lanarkshire,http://dbpedia.org/ontology/Agent,http://dbpedia.org/ontology/PopulatedPlace,http://dbpedia.org/ontology/Place,http://dbpedia.org/ontology/mouthPlace,http://dbpedia.org/resource/River_Nethan
http://dbpedia.org/resource/South_Lanarkshire,http://dbpedia.org/ontology/Agent,http://dbpedia.org/ontology/PopulatedPlace,http://dbpedia.org/ontology/Place,http://dbpedia.org/ontology/councilArea,"http://dbpedia.org/resource/Hamilton_South_Lanarkshire"
http://dbpedia.org/resource/South_Lanarkshire,http://dbpedia.org/ontology/Agent,http://dbpedia.org/ontology/PopulatedPlace,http://dbpedia.org/ontology/Place,http://dbpedia.org/ontology/councilArea,"http://dbpedia.org/resource/Rosebank_South_Lanarkshire"
http://dbpedia.org/resource/South_Lanarkshire,http://dbpedia.org/ontology/Agent,http://dbpedia.org/ontology/PopulatedPlace,http://dbpedia.org/ontology/Place,http://dbpedia.org/ontology/councilArea,http://dbpedia.org/resource/Boghead
http://dbpedia.org/resource/South_Lanarkshire,http://dbpedia.org/ontology/Agent,http://dbpedia.org/ontology/PopulatedPlace,http://dbpedia.org/ontology/Place,http://dbpedia.org/ontology/councilArea,http://dbpedia.org/resource/Bothwell
http://dbpedia.org/resource/South_Lanarkshire,http://dbpedia.org/ontology/Agent,http://dbpedia.org/ontology/PopulatedPlace,http://dbpedia.org/ontology/Place,http://dbpedia.org/ontology/councilArea,http://dbpedia.org/resource/Birniehill
http://dbpedia.org/resource/South_Lanarkshire,http://dbpedia.org/ontology/Agent,http://dbpedia.org/ontology/PopulatedPlace,http://dbpedia.org/ontology/Place,http://dbpedia.org/ontology/councilArea,"http://dbpedia.org/resource/Roberton_South_Lanarkshire"
http://dbpedia.org/resource/South_Lanarkshire,http://dbpedia.org/ontology/Agent,http://dbpedia.org/ontology/PopulatedPlace,http://dbpedia.org/ontology/Place,http://dbpedia.org/ontology/councilArea,"http://dbpedia.org/resource/Forth_South_Lanarkshire"
http://dbpedia.org/resource/South_Lanarkshire,http://dbpedia.org/ontology/Agent,http://dbpedia.org/ontology/PopulatedPlace,http://dbpedia.org/ontology/Place,http://dbpedia.org/ontology/county,"http://dbpedia.org/resource/Claremont_High_School_East_Kilbride"
http://dbpedia.org/resource/South_Lanarkshire,http://dbpedia.org/ontology/Agent,http://dbpedia.org/ontology/PopulatedPlace,http://dbpedia.org/ontology/Place,http://dbpedia.org/ontology/councilArea,"http://dbpedia.org/resource/Law_South_Lanarkshire"
http://dbpedia.org/resource/South_Lanarkshire,http://dbpedia.org/ontology/Agent,http://dbpedia.org/ontology/PopulatedPlace,http://dbpedia.org/ontology/Place,http://dbpedia.org/ontology/councilArea,"http://dbpedia.org/resource/Abington_South_Lanarkshire"
http://dbpedia.org/resource/South_Lanarkshire,http://dbpedia.org/ontology/Agent,http://dbpedia.org/ontology/PopulatedPlace,http://dbpedia.org/ontology/Place,http://dbpedia.org/ontology/councilArea,"http://dbpedia.org/resource/Auldhouse_South_Lanarkshire"
http://dbpedia.org/resource/Society_of_Jesus,http://dbpedia.org/ontology/Building,http://dbpedia.org/ontology/Architect,http://dbpedia.org/ontology/Person,http://dbpedia.org/ontology/architect,"http://dbpedia.org/resource/St._Aloysius_Church_(Washington_D.C.)"
http://dbpedia.org/resource/Society_of_Jesus,http://dbpedia.org/ontology/Building,http://dbpedia.org/ontology/Architect,http://dbpedia.org/ontology/Person,http://dbpedia.org/ontology/architect,http://dbpedia.org/resource/Baluarte_de_San_Diego
http://dbpedia.org/resource/Society_of_Jesus,http://dbpedia.org/ontology/Building,http://dbpedia.org/ontology/Architect,http://dbpedia.org/ontology/Person,http://dbpedia.org/ontology/architect,http://dbpedia.org/resource/Our_Lady_of_Light_Parish_Church
http://dbpedia.org/resource/Society_of_Jesus,http://dbpedia.org/ontology/Building,http://dbpedia.org/ontology/Architect,http://dbpedia.org/ontology/Person,http://dbpedia.org/ontology/architect,"http://dbpedia.org/resource/Sant'Ignazio_Church_Rome"
http://dbpedia.org/resource/Australian_wine,http://dbpedia.org/ontology/Agent,http://dbpedia.org/ontology/WineRegion,http://dbpedia.org/ontology/Place,http://dbpedia.org/ontology/wineRegion,http://dbpedia.org/resource/Barbera
http://dbpedia.org/resource/Australian_wine,http://dbpedia.org/ontology/Agent,http://dbpedia.org/ontology/WineRegion,http://dbpedia.org/ontology/Place,http://dbpedia.org/ontology/wineRegion,http://dbpedia.org/resource/Pedro_Ximénez
http://dbpedia.org/resource/Viola_caipira,http://dbpedia.org/ontology/Agent,http://dbpedia.org/ontology/PopulatedPlace,http://dbpedia.org/ontology/Place,http://dbpedia.org/ontology/recordedIn,http://dbpedia.org/resource/Stones_Grow_Her_Name
http://dbpedia.org/resource/Batavian_Republic,http://dbpedia.org/ontology/Agent,http://dbpedia.org/ontology/PopulatedPlace,http://dbpedia.org/ontology/Place,http://dbpedia.org/ontology/territory,http://dbpedia.org/resource/French_Revolutionary_Wars
http://dbpedia.org/resource/Dnipropetrovsk,http://dbpedia.org/ontology/Agent,http://dbpedia.org/ontology/PopulatedPlace,http://dbpedia.org/ontology/Place,http://dbpedia.org/ontology/place,http://dbpedia.org/resource/Ekaterinoslav_Bolshevik_Uprising
http://dbpedia.org/resource/Dnipropetrovsk,http://dbpedia.org/ontology/Agent,http://dbpedia.org/ontology/PopulatedPlace,http://dbpedia.org/ontology/Place,http://dbpedia.org/ontology/headquarter,http://dbpedia.org/resource/Near-Dnipro_Railways
http://dbpedia.org/resource/Dnipropetrovsk,http://dbpedia.org/ontology/Agent,http://dbpedia.org/ontology/PopulatedPlace,http://dbpedia.org/ontology/Place,http://dbpedia.org/ontology/headquarter,http://dbpedia.org/resource/Dniproavia
http://dbpedia.org/resource/Dnipropetrovsk,http://dbpedia.org/ontology/Agent,http://dbpedia.org/ontology/PopulatedPlace,http://dbpedia.org/ontology/Place,http://dbpedia.org/ontology/nearestCity,http://dbpedia.org/resource/Dnyprovsko-Orylsky_Nature_Reserve
http://dbpedia.org/resource/Dnipropetrovsk,http://dbpedia.org/ontology/Agent,http://dbpedia.org/ontology/PopulatedPlace,http://dbpedia.org/ontology/Place,http://dbpedia.org/ontology/headquarter,http://dbpedia.org/resource/Yuzhmashavia
http://dbpedia.org/resource/Dnipropetrovsk,http://dbpedia.org/ontology/Agent,http://dbpedia.org/ontology/PopulatedPlace,http://dbpedia.org/ontology/Place,http://dbpedia.org/ontology/headquarter,http://dbpedia.org/resource/Yuzhnoye_Design_Office
http://dbpedia.org/resource/Dnipropetrovsk,http://dbpedia.org/ontology/Agent,http://dbpedia.org/ontology/PopulatedPlace,http://dbpedia.org/ontology/Place,http://dbpedia.org/ontology/garrison,http://dbpedia.org/resource/Operation_Command_East
http://dbpedia.org/resource/Dnipropetrovsk,http://dbpedia.org/ontology/Agent,http://dbpedia.org/ontology/PopulatedPlace,http://dbpedia.org/ontology/Place,http://dbpedia.org/ontology/garrison,http://dbpedia.org/resource/6th_Army_Corps_(Ukraine)
http://dbpedia.org/resource/Dnipropetrovsk,http://dbpedia.org/ontology/Agent,http://dbpedia.org/ontology/PopulatedPlace,http://dbpedia.org/ontology/Place,http://dbpedia.org/ontology/populationPlace,http://dbpedia.org/resource/History_of_the_Jews_in_Ukraine
http://dbpedia.org/resource/Bass_guitar,http://dbpedia.org/ontology/Agent,http://dbpedia.org/ontology/PopulatedPlace,http://dbpedia.org/ontology/Place,http://dbpedia.org/ontology/recordedIn,http://dbpedia.org/resource/Asylon
http://dbpedia.org/resource/Bass_guitar,http://dbpedia.org/ontology/Agent,http://dbpedia.org/ontology/PopulatedPlace,http://dbpedia.org/ontology/Place,http://dbpedia.org/ontology/recordedIn,http://dbpedia.org/resource/Trilateral_Progression
http://dbpedia.org/resource/Brixton_Academy,http://dbpedia.org/ontology/Agent,http://dbpedia.org/ontology/PopulatedPlace,http://dbpedia.org/ontology/Place,http://dbpedia.org/ontology/recordedIn,http://dbpedia.org/resource/Hellalive
http://dbpedia.org/resource/Brixton_Academy,http://dbpedia.org/ontology/Agent,http://dbpedia.org/ontology/PopulatedPlace,http://dbpedia.org/ontology/Place,http://dbpedia.org/ontology/recordedIn,http://dbpedia.org/resource/Europe_2009
http://dbpedia.org/resource/Brixton_Academy,http://dbpedia.org/ontology/Agent,http://dbpedia.org/ontology/PopulatedPlace,http://dbpedia.org/ontology/Place,http://dbpedia.org/ontology/recordedIn,http://dbpedia.org/resource/Fly_the_Flags
http://dbpedia.org/resource/Brixton_Academy,http://dbpedia.org/ontology/Agent,http://dbpedia.org/ontology/PopulatedPlace,http://dbpedia.org/ontology/Place,http://dbpedia.org/ontology/recordedIn,http://dbpedia.org/resource/Space_Ritual
http://dbpedia.org/resource/Brixton_Academy,http://dbpedia.org/ontology/Agent,http://dbpedia.org/ontology/PopulatedPlace,http://dbpedia.org/ontology/Place,http://dbpedia.org/ontology/recordedIn,http://dbpedia.org/resource/Please_Experience_Wolfmother_Live
http://dbpedia.org/resource/Brixton_Academy,http://dbpedia.org/ontology/Agent,http://dbpedia.org/ontology/PopulatedPlace,http://dbpedia.org/ontology/Place,http://dbpedia.org/ontology/recordedIn,http://dbpedia.org/resource/See_You_Up_There
http://dbpedia.org/resource/Brixton_Academy,http://dbpedia.org/ontology/Agent,http://dbpedia.org/ontology/PopulatedPlace,http://dbpedia.org/ontology/Place,http://dbpedia.org/ontology/recordedIn,http://dbpedia.org/resource/Live_in_London:_Babymetal_World_Tour_2014
http://dbpedia.org/resource/Brixton_Academy,http://dbpedia.org/ontology/Agent,http://dbpedia.org/ontology/PopulatedPlace,http://dbpedia.org/ontology/Place,http://dbpedia.org/ontology/recordedIn,http://dbpedia.org/resource/You_Fat_Bastards:_Live_at_the_Brixton_Academy
http://dbpedia.org/resource/Brixton_Academy,http://dbpedia.org/ontology/Agent,http://dbpedia.org/ontology/PopulatedPlace,http://dbpedia.org/ontology/Place,http://dbpedia.org/ontology/recordedIn,http://dbpedia.org/resource/Scarred_(album)
http://dbpedia.org/resource/Brixton_Academy,http://dbpedia.org/ontology/Agent,http://dbpedia.org/ontology/PopulatedPlace,http://dbpedia.org/ontology/Place,http://dbpedia.org/ontology/recordedIn,http://dbpedia.org/resource/Live_at_Brixton_Academy_(Dido_album)
http://dbpedia.org/resource/Brixton_Academy,http://dbpedia.org/ontology/Agent,http://dbpedia.org/ontology/PopulatedPlace,http://dbpedia.org/ontology/Place,http://dbpedia.org/ontology/recordedIn,http://dbpedia.org/resource/Somewhere_Else_(Razorlight_song)
http://dbpedia.org/resource/Brixton_Academy,http://dbpedia.org/ontology/Agent,http://dbpedia.org/ontology/PopulatedPlace,http://dbpedia.org/ontology/Place,http://dbpedia.org/ontology/recordedIn,http://dbpedia.org/resource/Live_at_the_Brixton_Academy_(Brian_May_album)
http://dbpedia.org/resource/Brixton_Academy,http://dbpedia.org/ontology/Agent,http://dbpedia.org/ontology/PopulatedPlace,http://dbpedia.org/ontology/Place,http://dbpedia.org/ontology/recordedIn,http://dbpedia.org/resource/Live_at_Brixton_Academy_(Motörhead_album)
http://dbpedia.org/resource/Brixton_Academy,http://dbpedia.org/ontology/Agent,http://dbpedia.org/ontology/PopulatedPlace,http://dbpedia.org/ontology/Place,http://dbpedia.org/ontology/recordedIn,http://dbpedia.org/resource/Alternative_Chartbusters_(Stiff_Little_Fingers_album)
http://dbpedia.org/resource/Brixton_Academy,http://dbpedia.org/ontology/Agent,http://dbpedia.org/ontology/PopulatedPlace,http://dbpedia.org/ontology/Place,http://dbpedia.org/ontology/recordedIn,http://dbpedia.org/resource/The_Flying_Lizards_(album)
http://dbpedia.org/resource/Brixton_Academy,http://dbpedia.org/ontology/Agent,http://dbpedia.org/ontology/PopulatedPlace,http://dbpedia.org/ontology/Place,http://dbpedia.org/ontology/recordedIn,http://dbpedia.org/resource/In_Dub_–_Live
http://dbpedia.org/resource/Brixton_Academy,http://dbpedia.org/ontology/Agent,http://dbpedia.org/ontology/PopulatedPlace,http://dbpedia.org/ontology/Place,http://dbpedia.org/ontology/recordedIn,http://dbpedia.org/resource/Edgy_in_Brixton
http://dbpedia.org/resource/Great_Barrier_Reef,http://dbpedia.org/ontology/Agent,http://dbpedia.org/ontology/PopulatedPlace,http://dbpedia.org/ontology/Place,http://dbpedia.org/ontology/billed,http://dbpedia.org/resource/John_Tenta
http://dbpedia.org/resource/Sonic_Ranch,http://dbpedia.org/ontology/Agent,http://dbpedia.org/ontology/PopulatedPlace,http://dbpedia.org/ontology/Place,http://dbpedia.org/ontology/recordedIn,http://dbpedia.org/resource/The_Golden_Archipelago
http://dbpedia.org/resource/Sonic_Ranch,http://dbpedia.org/ontology/Agent,http://dbpedia.org/ontology/PopulatedPlace,http://dbpedia.org/ontology/Place,http://dbpedia.org/ontology/recordedIn,http://dbpedia.org/resource/Tao_of_the_Dead
http://dbpedia.org/resource/Sonic_Ranch,http://dbpedia.org/ontology/Agent,http://dbpedia.org/ontology/PopulatedPlace,http://dbpedia.org/ontology/Place,http://dbpedia.org/ontology/recordedIn,http://dbpedia.org/resource/Beautiful_(MercyMe_song)
http://dbpedia.org/resource/Sonic_Ranch,http://dbpedia.org/ontology/Agent,http://dbpedia.org/ontology/PopulatedPlace,http://dbpedia.org/ontology/Place,http://dbpedia.org/ontology/recordedIn,http://dbpedia.org/resource/IX_(...And_You_Will_Know_Us_by_the_Trail_of_Dead_album)
http://dbpedia.org/resource/Sonic_Ranch,http://dbpedia.org/ontology/Agent,http://dbpedia.org/ontology/PopulatedPlace,http://dbpedia.org/ontology/Place,http://dbpedia.org/ontology/recordedIn,http://dbpedia.org/resource/The_Generous_Mr._Lovewell
http://dbpedia.org/resource/Sonic_Ranch,http://dbpedia.org/ontology/Agent,http://dbpedia.org/ontology/PopulatedPlace,http://dbpedia.org/ontology/Place,http://dbpedia.org/ontology/recordedIn,http://dbpedia.org/resource/Lead_to_Light
http://dbpedia.org/resource/Sonic_Ranch,http://dbpedia.org/ontology/Agent,http://dbpedia.org/ontology/PopulatedPlace,http://dbpedia.org/ontology/Place,http://dbpedia.org/ontology/recordedIn,"http://dbpedia.org/resource/Take_Care_Take_Care_Take_Care"
http://dbpedia.org/resource/Sonic_Ranch,http://dbpedia.org/ontology/Agent,http://dbpedia.org/ontology/PopulatedPlace,http://dbpedia.org/ontology/Place,http://dbpedia.org/ontology/recordedIn,http://dbpedia.org/resource/Pura_Vida_Conspiracy
http://dbpedia.org/resource/Sonic_Ranch,http://dbpedia.org/ontology/Agent,http://dbpedia.org/ontology/PopulatedPlace,http://dbpedia.org/ontology/Place,http://dbpedia.org/ontology/recordedIn,http://dbpedia.org/resource/Hasta_la_Raíz
http://dbpedia.org/resource/Velenje,http://dbpedia.org/ontology/Agent,http://dbpedia.org/ontology/PopulatedPlace,http://dbpedia.org/ontology/Place,http://dbpedia.org/ontology/nearestCity,http://dbpedia.org/resource/Golte_Ski_Resort
http://dbpedia.org/resource/Sir,http://dbpedia.org/ontology/Building,http://dbpedia.org/ontology/Architect,http://dbpedia.org/ontology/Person,http://dbpedia.org/ontology/architect,http://dbpedia.org/resource/St_Michael_Paternoster_Royal
http://dbpedia.org/resource/Sir,http://dbpedia.org/ontology/Building,http://dbpedia.org/ontology/Architect,http://dbpedia.org/ontology/Person,http://dbpedia.org/ontology/architect,http://dbpedia.org/resource/Vidhan_Bhawan
http://dbpedia.org/resource/Adelaide_Fringe_Festival,http://dbpedia.org/ontology/Agent,http://dbpedia.org/ontology/PopulatedPlace,http://dbpedia.org/ontology/Place,http://dbpedia.org/ontology/recordedIn,http://dbpedia.org/resource/Amanda_Palmer_Goes_Down_Under
http://dbpedia.org/resource/Đại_Việt,http://dbpedia.org/ontology/Agent,http://dbpedia.org/ontology/PopulatedPlace,http://dbpedia.org/ontology/Place,http://dbpedia.org/ontology/place,http://dbpedia.org/resource/Mongol_invasions_of_Vietnam
http://dbpedia.org/resource/Rügen,http://dbpedia.org/ontology/Agent,http://dbpedia.org/ontology/PopulatedPlace,http://dbpedia.org/ontology/Place,http://dbpedia.org/ontology/place,http://dbpedia.org/resource/Battle_of_Svolder
http://dbpedia.org/resource/Rügen,http://dbpedia.org/ontology/Agent,http://dbpedia.org/ontology/PopulatedPlace,http://dbpedia.org/ontology/Place,http://dbpedia.org/ontology/place,http://dbpedia.org/resource/Battle_of_Jasmund_(1864)
http://dbpedia.org/resource/Rügen,http://dbpedia.org/ontology/Agent,http://dbpedia.org/ontology/PopulatedPlace,http://dbpedia.org/ontology/Place,http://dbpedia.org/ontology/place,http://dbpedia.org/resource/Invasion_of_Rügen_(1678)
http://dbpedia.org/resource/Rügen,http://dbpedia.org/ontology/Agent,http://dbpedia.org/ontology/PopulatedPlace,http://dbpedia.org/ontology/Place,http://dbpedia.org/ontology/place,http://dbpedia.org/resource/Battle_of_Rügen_(1715)
http://dbpedia.org/resource/Rügen,http://dbpedia.org/ontology/Agent,http://dbpedia.org/ontology/PopulatedPlace,http://dbpedia.org/ontology/Place,http://dbpedia.org/ontology/place,http://dbpedia.org/resource/Battle_of_Bornholm_(1676)
http://dbpedia.org/resource/Rügen,http://dbpedia.org/ontology/Agent,http://dbpedia.org/ontology/PopulatedPlace,http://dbpedia.org/ontology/Place,http://dbpedia.org/ontology/garrison,http://dbpedia.org/resource/Bordfliegergruppe_196
http://dbpedia.org/resource/Lerma_River,http://dbpedia.org/ontology/Agent,http://dbpedia.org/ontology/PopulatedPlace,http://dbpedia.org/ontology/Place,http://dbpedia.org/ontology/mouthPlace,http://dbpedia.org/resource/Bolaños_River
http://dbpedia.org/resource/CFB_Halifax,http://dbpedia.org/ontology/Agent,http://dbpedia.org/ontology/PopulatedPlace,http://dbpedia.org/ontology/Place,http://dbpedia.org/ontology/garrison,http://dbpedia.org/resource/Land_Force_Atlantic_Area
http://dbpedia.org/resource/Colorado_Fuel_and_Iron,http://dbpedia.org/ontology/Building,http://dbpedia.org/ontology/Architect,http://dbpedia.org/ontology/Person,http://dbpedia.org/ontology/architect,http://dbpedia.org/resource/Redstone_Coke_Oven_Historic_District
http://dbpedia.org/resource/Invisible_Records,http://dbpedia.org/ontology/Agent,http://dbpedia.org/ontology/PopulatedPlace,http://dbpedia.org/ontology/Place,http://dbpedia.org/ontology/recordedIn,http://dbpedia.org/resource/Notes_from_Thee_Underground
http://dbpedia.org/resource/Masonry,http://dbpedia.org/ontology/Building,http://dbpedia.org/ontology/Architect,http://dbpedia.org/ontology/Person,http://dbpedia.org/ontology/architect,http://dbpedia.org/resource/Thomas_A._Beach_House
http://dbpedia.org/resource/RAAF_Base_Richmond,http://dbpedia.org/ontology/Agent,http://dbpedia.org/ontology/PopulatedPlace,http://dbpedia.org/ontology/Place,http://dbpedia.org/ontology/garrison,http://dbpedia.org/resource/No._37_Squadron_RAAF
http://dbpedia.org/resource/RAAF_Base_Richmond,http://dbpedia.org/ontology/Agent,http://dbpedia.org/ontology/PopulatedPlace,http://dbpedia.org/ontology/Place,http://dbpedia.org/ontology/garrison,http://dbpedia.org/resource/No._386_Expeditionary_Combat_Support_Squadron_RAAF
http://dbpedia.org/resource/RAAF_Base_Richmond,http://dbpedia.org/ontology/Agent,http://dbpedia.org/ontology/PopulatedPlace,http://dbpedia.org/ontology/Place,http://dbpedia.org/ontology/garrison,http://dbpedia.org/resource/No._85_Wing_RAAF
http://dbpedia.org/resource/RAAF_Base_Richmond,http://dbpedia.org/ontology/Agent,http://dbpedia.org/ontology/PopulatedPlace,http://dbpedia.org/ontology/Place,http://dbpedia.org/ontology/garrison,http://dbpedia.org/resource/No._325_Expeditionary_Combat_Support_Squadron_RAAF
http://dbpedia.org/resource/RAAF_Base_Richmond,http://dbpedia.org/ontology/Agent,http://dbpedia.org/ontology/PopulatedPlace,http://dbpedia.org/ontology/Place,http://dbpedia.org/ontology/garrison,http://dbpedia.org/resource/Air_Mobility_Group_RAAF
http://dbpedia.org/resource/RAAF_Base_Richmond,http://dbpedia.org/ontology/Agent,http://dbpedia.org/ontology/PopulatedPlace,http://dbpedia.org/ontology/Place,http://dbpedia.org/ontology/garrison,http://dbpedia.org/resource/No._35_Squadron_RAAF
http://dbpedia.org/resource/RAAF_Base_Richmond,http://dbpedia.org/ontology/Agent,http://dbpedia.org/ontology/PopulatedPlace,http://dbpedia.org/ontology/Place,http://dbpedia.org/ontology/garrison,http://dbpedia.org/resource/No._22_Squadron_RAAF
http://dbpedia.org/resource/RAAF_Base_Richmond,http://dbpedia.org/ontology/Agent,http://dbpedia.org/ontology/PopulatedPlace,http://dbpedia.org/ontology/Place,http://dbpedia.org/ontology/garrison,http://dbpedia.org/resource/No._486_Squadron_RAAF
http://dbpedia.org/resource/RAAF_Base_Richmond,http://dbpedia.org/ontology/Agent,http://dbpedia.org/ontology/PopulatedPlace,http://dbpedia.org/ontology/Place,http://dbpedia.org/ontology/garrison,http://dbpedia.org/resource/No._285_Squadron_RAAF
http://dbpedia.org/resource/RAAF_Base_Richmond,http://dbpedia.org/ontology/Agent,http://dbpedia.org/ontology/PopulatedPlace,http://dbpedia.org/ontology/Place,http://dbpedia.org/ontology/garrison,http://dbpedia.org/resource/No._84_Wing_RAAF
http://dbpedia.org/resource/Scutari_Vilayet,http://dbpedia.org/ontology/Agent,http://dbpedia.org/ontology/PopulatedPlace,http://dbpedia.org/ontology/Place,http://dbpedia.org/ontology/place,http://dbpedia.org/resource/Balkan_Wars
http://dbpedia.org/resource/Scutari_Vilayet,http://dbpedia.org/ontology/Agent,http://dbpedia.org/ontology/PopulatedPlace,http://dbpedia.org/ontology/Place,http://dbpedia.org/ontology/place,http://dbpedia.org/resource/Albanian_Revolt_of_1911
http://dbpedia.org/resource/Austrian_Netherlands,http://dbpedia.org/ontology/Agent,http://dbpedia.org/ontology/PopulatedPlace,http://dbpedia.org/ontology/Place,http://dbpedia.org/ontology/place,http://dbpedia.org/resource/Fall_of_Ghent
http://dbpedia.org/resource/Austrian_Netherlands,http://dbpedia.org/ontology/Agent,http://dbpedia.org/ontology/PopulatedPlace,http://dbpedia.org/ontology/Place,http://dbpedia.org/ontology/place,http://dbpedia.org/resource/Battle_of_Raismes_(1793)
http://dbpedia.org/resource/Austrian_Netherlands,http://dbpedia.org/ontology/Agent,http://dbpedia.org/ontology/PopulatedPlace,http://dbpedia.org/ontology/Place,http://dbpedia.org/ontology/place,http://dbpedia.org/resource/Battle_of_Fleurus_(1794)
http://dbpedia.org/resource/Austrian_Netherlands,http://dbpedia.org/ontology/Agent,http://dbpedia.org/ontology/PopulatedPlace,http://dbpedia.org/ontology/Place,http://dbpedia.org/ontology/place,http://dbpedia.org/resource/Battle_of_Arlon_(1793)
http://dbpedia.org/resource/Austrian_Netherlands,http://dbpedia.org/ontology/Agent,http://dbpedia.org/ontology/PopulatedPlace,http://dbpedia.org/ontology/Place,http://dbpedia.org/ontology/place,http://dbpedia.org/resource/Battle_of_Neerwinden_(1793)
http://dbpedia.org/resource/Austrian_Netherlands,http://dbpedia.org/ontology/Agent,http://dbpedia.org/ontology/PopulatedPlace,http://dbpedia.org/ontology/Place,http://dbpedia.org/ontology/place,http://dbpedia.org/resource/Battle_of_Falmagne
http://dbpedia.org/resource/Austrian_Netherlands,http://dbpedia.org/ontology/Agent,http://dbpedia.org/ontology/PopulatedPlace,http://dbpedia.org/ontology/Place,http://dbpedia.org/ontology/place,http://dbpedia.org/resource/Siege_of_Brussels
http://dbpedia.org/resource/Austrian_Netherlands,http://dbpedia.org/ontology/Agent,http://dbpedia.org/ontology/PopulatedPlace,http://dbpedia.org/ontology/Place,http://dbpedia.org/ontology/place,http://dbpedia.org/resource/Battle_of_Turnhout_(1789)
http://dbpedia.org/resource/British_Columbia_Coast,http://dbpedia.org/ontology/Agent,http://dbpedia.org/ontology/PopulatedPlace,http://dbpedia.org/ontology/Place,http://dbpedia.org/ontology/broadcastArea,http://dbpedia.org/resource/CTV_Two
http://dbpedia.org/resource/British_Columbia_Coast,http://dbpedia.org/ontology/Agent,http://dbpedia.org/ontology/PopulatedPlace,http://dbpedia.org/ontology/Place,http://dbpedia.org/ontology/broadcastArea,http://dbpedia.org/resource/CBU_(AM)
http://dbpedia.org/resource/British_Columbia_Coast,http://dbpedia.org/ontology/Agent,http://dbpedia.org/ontology/PopulatedPlace,http://dbpedia.org/ontology/Place,http://dbpedia.org/ontology/spokenIn,http://dbpedia.org/resource/Nuxalk_language
http://dbpedia.org/resource/EMAC_Recording_Studios,http://dbpedia.org/ontology/Agent,http://dbpedia.org/ontology/PopulatedPlace,http://dbpedia.org/ontology/Place,http://dbpedia.org/ontology/recordedIn,http://dbpedia.org/resource/Generation_Genocide
http://dbpedia.org/resource/EMAC_Recording_Studios,http://dbpedia.org/ontology/Agent,http://dbpedia.org/ontology/PopulatedPlace,http://dbpedia.org/ontology/Place,http://dbpedia.org/ontology/recordedIn,http://dbpedia.org/resource/Oracle_(Kittie_album)
http://dbpedia.org/resource/EMAC_Recording_Studios,http://dbpedia.org/ontology/Agent,http://dbpedia.org/ontology/PopulatedPlace,http://dbpedia.org/ontology/Place,http://dbpedia.org/ontology/recordedIn,http://dbpedia.org/resource/No_Baggage
http://dbpedia.org/resource/EMAC_Recording_Studios,http://dbpedia.org/ontology/Agent,http://dbpedia.org/ontology/PopulatedPlace,http://dbpedia.org/ontology/Place,http://dbpedia.org/ontology/recordedIn,http://dbpedia.org/resource/The_Big_Picture_(The_Salads_album)
http://dbpedia.org/resource/EMAC_Recording_Studios,http://dbpedia.org/ontology/Agent,http://dbpedia.org/ontology/PopulatedPlace,http://dbpedia.org/ontology/Place,http://dbpedia.org/ontology/recordedIn,http://dbpedia.org/resource/LP_(Landon_Pigg_album)
http://dbpedia.org/resource/EMAC_Recording_Studios,http://dbpedia.org/ontology/Agent,http://dbpedia.org/ontology/PopulatedPlace,http://dbpedia.org/ontology/Place,http://dbpedia.org/ontology/recordedIn,http://dbpedia.org/resource/Are_You_Listening%3F_(Dolores_O'Riordan_album)
http://dbpedia.org/resource/EMAC_Recording_Studios,http://dbpedia.org/ontology/Agent,http://dbpedia.org/ontology/PopulatedPlace,http://dbpedia.org/ontology/Place,http://dbpedia.org/ontology/recordedIn,http://dbpedia.org/resource/Fold_A_to_B
http://dbpedia.org/resource/Lake_Argyle,http://dbpedia.org/ontology/Agent,http://dbpedia.org/ontology/PopulatedPlace,http://dbpedia.org/ontology/Place,http://dbpedia.org/ontology/mouthPlace,http://dbpedia.org/resource/Behn_River
http://dbpedia.org/resource/Park_Avenue_(Montreal),http://dbpedia.org/ontology/Agent,http://dbpedia.org/ontology/PopulatedPlace,http://dbpedia.org/ontology/Place,http://dbpedia.org/ontology/headquarter,http://dbpedia.org/resource/Le_Devoir
http://dbpedia.org/resource/Park_Avenue_(Montreal),http://dbpedia.org/ontology/Agent,http://dbpedia.org/ontology/PopulatedPlace,http://dbpedia.org/ontology/Place,http://dbpedia.org/ontology/headquarter,http://dbpedia.org/resource/Communist_Party_of_Quebec
http://dbpedia.org/resource/Baker's_Keyboard_Lounge,http://dbpedia.org/ontology/Agent,http://dbpedia.org/ontology/PopulatedPlace,http://dbpedia.org/ontology/Place,http://dbpedia.org/ontology/recordedIn,http://dbpedia.org/resource/Same_Ole_Love_(365_Days_a_Year)
http://dbpedia.org/resource/Baker's_Keyboard_Lounge,http://dbpedia.org/ontology/Agent,http://dbpedia.org/ontology/PopulatedPlace,http://dbpedia.org/ontology/Place,http://dbpedia.org/ontology/recordedIn,http://dbpedia.org/resource/Live_at_Baker's_Keyboard_Lounge
"http://dbpedia.org/resource/Inari_Finland",http://dbpedia.org/ontology/Agent,http://dbpedia.org/ontology/PopulatedPlace,http://dbpedia.org/ontology/Place,http://dbpedia.org/ontology/nearestCity,http://dbpedia.org/resource/Lake_Paatari
"http://dbpedia.org/resource/Inari_Finland",http://dbpedia.org/ontology/Agent,http://dbpedia.org/ontology/PopulatedPlace,http://dbpedia.org/ontology/Place,http://dbpedia.org/ontology/nearestCity,http://dbpedia.org/resource/Suolisjärvi
"http://dbpedia.org/resource/Inari_Finland",http://dbpedia.org/ontology/Agent,http://dbpedia.org/ontology/PopulatedPlace,http://dbpedia.org/ontology/Place,http://dbpedia.org/ontology/nearestCity,http://dbpedia.org/resource/Lake_Inari
http://dbpedia.org/resource/Great_Dividing_Range,http://dbpedia.org/ontology/Agent,http://dbpedia.org/ontology/PopulatedPlace,http://dbpedia.org/ontology/Place,http://dbpedia.org/ontology/sourcePlace,http://dbpedia.org/resource/Proserpine_River
http://dbpedia.org/resource/Great_Dividing_Range,http://dbpedia.org/ontology/Agent,http://dbpedia.org/ontology/PopulatedPlace,http://dbpedia.org/ontology/Place,http://dbpedia.org/ontology/sourcePlace,http://dbpedia.org/resource/Olinda_Creek
http://dbpedia.org/resource/United_Counties_of_Leeds_and_Grenville,http://dbpedia.org/ontology/Agent,http://dbpedia.org/ontology/PopulatedPlace,http://dbpedia.org/ontology/Place,http://dbpedia.org/ontology/district,http://dbpedia.org/resource/Black_Creek_(Big_Rideau_Lake)
http://dbpedia.org/resource/Mauretania,http://dbpedia.org/ontology/Agent,http://dbpedia.org/ontology/PopulatedPlace,http://dbpedia.org/ontology/Place,http://dbpedia.org/ontology/territory,http://dbpedia.org/resource/Jugurthine_War
http://dbpedia.org/resource/M._Witmark_&_Sons,http://dbpedia.org/ontology/Agent,http://dbpedia.org/ontology/PopulatedPlace,http://dbpedia.org/ontology/Place,http://dbpedia.org/ontology/recordedIn,http://dbpedia.org/resource/Farewell_(Bob_Dylan_song)
http://dbpedia.org/resource/Missouri_Pacific_Railroad,http://dbpedia.org/ontology/Building,http://dbpedia.org/ontology/Architect,http://dbpedia.org/ontology/Person,http://dbpedia.org/ontology/architect,http://dbpedia.org/resource/Marianna_Missouri-Pacific_Depot
http://dbpedia.org/resource/North_German_Confederation_Treaty,http://dbpedia.org/ontology/Agent,http://dbpedia.org/ontology/PopulatedPlace,http://dbpedia.org/ontology/Place,http://dbpedia.org/ontology/territory,http://dbpedia.org/resource/Austro-Prussian_War
http://dbpedia.org/resource/Peace_of_Prague_(1866),http://dbpedia.org/ontology/Agent,http://dbpedia.org/ontology/PopulatedPlace,http://dbpedia.org/ontology/Place,http://dbpedia.org/ontology/territory,http://dbpedia.org/resource/Austro-Prussian_War
http://dbpedia.org/resource/Lake_Macquarie_(New_South_Wales),http://dbpedia.org/ontology/Agent,http://dbpedia.org/ontology/PopulatedPlace,http://dbpedia.org/ontology/Place,http://dbpedia.org/ontology/spokenIn,http://dbpedia.org/resource/Awabakal_language
http://dbpedia.org/resource/Grand_Trunk_Road,http://dbpedia.org/ontology/Agent,http://dbpedia.org/ontology/PopulatedPlace,http://dbpedia.org/ontology/Place,http://dbpedia.org/ontology/headquarter,http://dbpedia.org/resource/Kanpur_Metro
http://dbpedia.org/resource/Barossa_Valley_(wine),http://dbpedia.org/ontology/Agent,http://dbpedia.org/ontology/WineRegion,http://dbpedia.org/ontology/Place,http://dbpedia.org/ontology/wineRegion,http://dbpedia.org/resource/Syrah
http://dbpedia.org/resource/Lustron_house,http://dbpedia.org/ontology/Building,http://dbpedia.org/ontology/Architect,http://dbpedia.org/ontology/Person,http://dbpedia.org/ontology/architect,http://dbpedia.org/resource/Doit_W._McClellan_Lustron_House
http://dbpedia.org/resource/Lustron_house,http://dbpedia.org/ontology/Building,http://dbpedia.org/ontology/Architect,http://dbpedia.org/ontology/Person,http://dbpedia.org/ontology/architect,http://dbpedia.org/resource/John_D._and_Katherine_Gleissner_Lustron_House
http://dbpedia.org/resource/Lustron_house,http://dbpedia.org/ontology/Building,http://dbpedia.org/ontology/Architect,http://dbpedia.org/ontology/Person,http://dbpedia.org/ontology/architect,http://dbpedia.org/resource/Neville_and_Helen_Farmer_Lustron_House
http://dbpedia.org/resource/Lustron_house,http://dbpedia.org/ontology/Building,http://dbpedia.org/ontology/Architect,http://dbpedia.org/ontology/Person,http://dbpedia.org/ontology/architect,http://dbpedia.org/resource/Bernice_L._Wright_Lustron_House
http://dbpedia.org/resource/Lustron_house,http://dbpedia.org/ontology/Building,http://dbpedia.org/ontology/Architect,http://dbpedia.org/ontology/Person,http://dbpedia.org/ontology/architect,http://dbpedia.org/resource/J._P._McKee_Lustron_House
http://dbpedia.org/resource/League_of_Nations_mandate,http://dbpedia.org/ontology/Agent,http://dbpedia.org/ontology/PopulatedPlace,http://dbpedia.org/ontology/Place,http://dbpedia.org/ontology/territory,http://dbpedia.org/resource/Kamerun_Campaign
http://dbpedia.org/resource/Champa,http://dbpedia.org/ontology/Agent,http://dbpedia.org/ontology/PopulatedPlace,http://dbpedia.org/ontology/Place,http://dbpedia.org/ontology/place,http://dbpedia.org/resource/Cham–Vietnamese_War_(1471)
http://dbpedia.org/resource/Champa,http://dbpedia.org/ontology/Agent,http://dbpedia.org/ontology/PopulatedPlace,http://dbpedia.org/ontology/Place,http://dbpedia.org/ontology/place,http://dbpedia.org/resource/Mongol_invasions_of_Vietnam
http://dbpedia.org/resource/Lake_Chapala,http://dbpedia.org/ontology/Agent,http://dbpedia.org/ontology/PopulatedPlace,http://dbpedia.org/ontology/Place,http://dbpedia.org/ontology/mouthPlace,http://dbpedia.org/resource/Lerma_River
http://dbpedia.org/resource/Charles_Holloway_James,http://dbpedia.org/ontology/Building,http://dbpedia.org/ontology/Architect,http://dbpedia.org/ontology/Person,http://dbpedia.org/ontology/architect,"http://dbpedia.org/resource/City_Hall_Norwich"
http://dbpedia.org/resource/Dick_James,http://dbpedia.org/ontology/Agent,http://dbpedia.org/ontology/PopulatedPlace,http://dbpedia.org/ontology/Place,http://dbpedia.org/ontology/recordedIn,http://dbpedia.org/resource/Empty_Sky
http://dbpedia.org/resource/Gauze,http://dbpedia.org/ontology/Agent,http://dbpedia.org/ontology/PopulatedPlace,http://dbpedia.org/ontology/Place,http://dbpedia.org/ontology/canonizedPlace,http://dbpedia.org/resource/John_of_saint-denis
http://dbpedia.org/resource/Teatro_Metropólitan,http://dbpedia.org/ontology/Agent,http://dbpedia.org/ontology/PopulatedPlace,http://dbpedia.org/ontology/Place,http://dbpedia.org/ontology/recordedIn,http://dbpedia.org/resource/Get_All_You_Deserve
"http://dbpedia.org/resource/Central_Design_Office_Ames",http://dbpedia.org/ontology/Building,http://dbpedia.org/ontology/Architect,http://dbpedia.org/ontology/Person,http://dbpedia.org/ontology/architect,http://dbpedia.org/resource/Squirrel_Hollow_Park
"http://dbpedia.org/resource/Office_of_City_Engineer_Providence",http://dbpedia.org/ontology/Building,http://dbpedia.org/ontology/Architect,http://dbpedia.org/ontology/Person,http://dbpedia.org/ontology/architect,"http://dbpedia.org/resource/Return_Sludge_Pumping_Station_Fields_Point_Sewage_Treatment_Plant"
"http://dbpedia.org/resource/Office_of_City_Engineer_Providence",http://dbpedia.org/ontology/Building,http://dbpedia.org/ontology/Architect,http://dbpedia.org/ontology/Person,http://dbpedia.org/ontology/architect,"http://dbpedia.org/resource/Sludge_Press_House_Fields_Point_Sewage_Treatment_Plant"
"http://dbpedia.org/resource/Office_of_City_Engineer_Providence",http://dbpedia.org/ontology/Building,http://dbpedia.org/ontology/Architect,http://dbpedia.org/ontology/Person,http://dbpedia.org/ontology/architect,http://dbpedia.org/resource/Ernest_Street_Sewage_Pumping_Station
"http://dbpedia.org/resource/Office_of_City_Engineer_Providence",http://dbpedia.org/ontology/Building,http://dbpedia.org/ontology/Architect,http://dbpedia.org/ontology/Person,http://dbpedia.org/ontology/architect,http://dbpedia.org/resource/Washington_Park_Sewage_Pumping_Station
"http://dbpedia.org/resource/Office_of_City_Engineer_Providence",http://dbpedia.org/ontology/Building,http://dbpedia.org/ontology/Architect,http://dbpedia.org/ontology/Person,http://dbpedia.org/ontology/architect,http://dbpedia.org/resource/Reservoir_Avenue_Sewage_Pumping_Station
http://dbpedia.org/resource/Torre_de_Cristal_(Madrid),http://dbpedia.org/ontology/Building,http://dbpedia.org/ontology/Architect,http://dbpedia.org/ontology/Person,http://dbpedia.org/ontology/architect,http://dbpedia.org/resource/Cuatro_Torres_Business_Area
http://dbpedia.org/resource/De_Montfort_Hall,http://dbpedia.org/ontology/Agent,http://dbpedia.org/ontology/PopulatedPlace,http://dbpedia.org/ontology/Place,http://dbpedia.org/ontology/recordedIn,http://dbpedia.org/resource/Genesis_Live
http://dbpedia.org/resource/De_Montfort_Hall,http://dbpedia.org/ontology/Agent,http://dbpedia.org/ontology/PopulatedPlace,http://dbpedia.org/ontology/Place,http://dbpedia.org/ontology/recordedIn,http://dbpedia.org/resource/Real_to_Reel_(Marillion_album)
http://dbpedia.org/resource/Treaty_of_Shimonoseki,http://dbpedia.org/ontology/Agent,http://dbpedia.org/ontology/PopulatedPlace,http://dbpedia.org/ontology/Place,http://dbpedia.org/ontology/territory,http://dbpedia.org/resource/Second_Sino-Japanese_War
http://dbpedia.org/resource/Kit_houses_in_North_America,http://dbpedia.org/ontology/Building,http://dbpedia.org/ontology/Architect,http://dbpedia.org/ontology/Person,http://dbpedia.org/ontology/architect,http://dbpedia.org/resource/E._Payne_Palmer_House
http://dbpedia.org/resource/Hibernia_Gravity_Base_Structure,http://dbpedia.org/ontology/Agent,http://dbpedia.org/ontology/PopulatedPlace,http://dbpedia.org/ontology/Place,http://dbpedia.org/ontology/destination,http://dbpedia.org/resource/Cougar_Helicopters
http://dbpedia.org/resource/El_Mocambo,http://dbpedia.org/ontology/Agent,http://dbpedia.org/ontology/PopulatedPlace,http://dbpedia.org/ontology/Place,http://dbpedia.org/ontology/recordedIn,http://dbpedia.org/resource/Live_at_the_El_Mocambo_(April_Wine_album)
http://dbpedia.org/resource/El_Mocambo,http://dbpedia.org/ontology/Agent,http://dbpedia.org/ontology/PopulatedPlace,http://dbpedia.org/ontology/Place,http://dbpedia.org/ontology/recordedIn,http://dbpedia.org/resource/Decade_(Live_at_the_El_Mocambo)
http://dbpedia.org/resource/El_Mocambo,http://dbpedia.org/ontology/Agent,http://dbpedia.org/ontology/PopulatedPlace,http://dbpedia.org/ontology/Place,http://dbpedia.org/ontology/recordedIn,http://dbpedia.org/resource/Live_at_the_El_Mocambo_(Stevie_Ray_Vaughan_video)
http://dbpedia.org/resource/El_Mocambo,http://dbpedia.org/ontology/Agent,http://dbpedia.org/ontology/PopulatedPlace,http://dbpedia.org/ontology/Place,http://dbpedia.org/ontology/recordedIn,http://dbpedia.org/resource/Live_at_the_El_Mocambo_(Elvis_Costello_album)
http://dbpedia.org/resource/Gigon/Guyer,http://dbpedia.org/ontology/Building,http://dbpedia.org/ontology/Architect,http://dbpedia.org/ontology/Person,http://dbpedia.org/ontology/architect,http://dbpedia.org/resource/Prime_Tower_(Zürich)
http://dbpedia.org/resource/Royalty_Theatre,http://dbpedia.org/ontology/Agent,http://dbpedia.org/ontology/PopulatedPlace,http://dbpedia.org/ontology/Place,http://dbpedia.org/ontology/recordedIn,http://dbpedia.org/resource/Gold_Dust_(Sandy_Denny_album)
http://dbpedia.org/resource/John_Willie_Sutcliffe__1,http://dbpedia.org/ontology/Person,http://dbpedia.org/ontology/CareerStation,http://dbpedia.org/ontology/TimePeriod,http://dbpedia.org/ontology/careerStation,http://dbpedia.org/resource/John_Willie_Sutcliffe
http://dbpedia.org/resource/The_Stone_Pony,http://dbpedia.org/ontology/Agent,http://dbpedia.org/ontology/PopulatedPlace,http://dbpedia.org/ontology/Place,http://dbpedia.org/ontology/recordedIn,http://dbpedia.org/resource/I've_Suffered_For_My_Art…Now_It's_Your_Turn
http://dbpedia.org/resource/Herbert_Whitfeld__1,http://dbpedia.org/ontology/Person,http://dbpedia.org/ontology/CareerStation,http://dbpedia.org/ontology/TimePeriod,http://dbpedia.org/ontology/careerStation,http://dbpedia.org/resource/Herbert_Whitfeld
http://dbpedia.org/resource/Rayak_Air_Base,http://dbpedia.org/ontology/Agent,http://dbpedia.org/ontology/PopulatedPlace,http://dbpedia.org/ontology/Place,http://dbpedia.org/ontology/garrison,http://dbpedia.org/resource/Lebanese_Air_Force_Aviation_School
http://dbpedia.org/resource/Moogfest,http://dbpedia.org/ontology/Agent,http://dbpedia.org/ontology/PopulatedPlace,http://dbpedia.org/ontology/Place,http://dbpedia.org/ontology/recordedIn,"http://dbpedia.org/resource/We_Hear_of_Love_of_Youth_and_of_Disillusionment"
http://dbpedia.org/resource/Matty_Mainwaring__1,http://dbpedia.org/ontology/Person,http://dbpedia.org/ontology/CareerStation,http://dbpedia.org/ontology/TimePeriod,http://dbpedia.org/ontology/careerStation,http://dbpedia.org/resource/Matty_Mainwaring
http://dbpedia.org/resource/Victorian_Trades_Hall,http://dbpedia.org/ontology/Agent,http://dbpedia.org/ontology/PopulatedPlace,http://dbpedia.org/ontology/Place,http://dbpedia.org/ontology/headquarter,http://dbpedia.org/resource/Socialist_Alternative_(Australia)
http://dbpedia.org/resource/Victorian_Trades_Hall,http://dbpedia.org/ontology/Agent,http://dbpedia.org/ontology/PopulatedPlace,http://dbpedia.org/ontology/Place,http://dbpedia.org/ontology/headquarter,http://dbpedia.org/resource/Socialist_Party_(Australia)
http://dbpedia.org/resource/Treaty_of_Vereeniging,http://dbpedia.org/ontology/Agent,http://dbpedia.org/ontology/PopulatedPlace,http://dbpedia.org/ontology/Place,http://dbpedia.org/ontology/territory,http://dbpedia.org/resource/Second_Boer_War
http://dbpedia.org/resource/Pine_Grove_Iron_Works,http://dbpedia.org/ontology/Agent,http://dbpedia.org/ontology/PopulatedPlace,http://dbpedia.org/ontology/Place,http://dbpedia.org/ontology/highestPlace,http://dbpedia.org/resource/South_Mountain_Railroad_(Cumberland)
http://dbpedia.org/resource/Tom_Revill__1,http://dbpedia.org/ontology/Person,http://dbpedia.org/ontology/CareerStation,http://dbpedia.org/ontology/TimePeriod,http://dbpedia.org/ontology/careerStation,http://dbpedia.org/resource/Tom_Revill
http://dbpedia.org/resource/William_Locker__1,http://dbpedia.org/ontology/Person,http://dbpedia.org/ontology/CareerStation,http://dbpedia.org/ontology/TimePeriod,http://dbpedia.org/ontology/careerStation,http://dbpedia.org/resource/William_Locker
